{"organizations":[{"id":"504405785dee1f087606505d","name":"horstandhisfriends","displayName":"Horst and his friends","desc":"illumination der wirklichkeit","invited":false,"invitations":[],"prefs":{"permissionLevel":"private","orgInviteRestrict":[],"externalMembersDisabled":false},"powerUps":[],"url":"https://trello.com/horstandhisfriends","website":"http://blog.twoseb.de","memberships":[{"id":"504405785dee1f087606505e","idMember":"4fc80a0c9a97a0320ec32caa","memberType":"admin"}],"idBoards":["504405a65dee1f08760656f1"]}],"boards":[{"id":"4ffa4c5ce75c29032a88ea31","name":"Testboard","desc":"","closed":false,"invited":false,"pinned":true,"url":"https://trello.com/board/testboard/4ffa4c5ce75c29032a88ea31","prefs":{"permissionLevel":"private","voting":"members","comments":"members","invitations":"members","selfJoin":false,"cardCovers":true},"invitations":[],"labelNames":{"red":"","orange":"","yellow":"","green":"","blue":"","purple":""},"memberships":[{"id":"4ffa4c5ce75c29032a88ea35","idMember":"4fc80a0c9a97a0320ec32caa","memberType":"admin","deactivated":false},{"id":"4ffa4cffe75c29032a88fefd","idMember":"4f42669b0638ead00185dfa2","memberType":"normal","deactivated":false}],"subscribed":false},{"id":"4ffa504225f9df4a3a229c71","name":"Testboard2","desc":"","closed":false,"invited":false,"pinned":true,"url":"https://trello.com/board/testboard2/4ffa504225f9df4a3a229c71","prefs":{"permissionLevel":"private","voting":"members","comments":"members","invitations":"members","selfJoin":false,"cardCovers":true},"invitations":[],"labelNames":{"red":"","orange":"","yellow":"","green":"","blue":"","purple":""},"memberships":[{"id":"4ffa504225f9df4a3a229c75","idMember":"4fc80a0c9a97a0320ec32caa","memberType":"admin","deactivated":false}],"subscribed":false},{"id":"504405a65dee1f08760656f1","name":"testbod!","desc":"","closed":false,"idOrganization":"504405785dee1f087606505d","invited":false,"pinned":true,"url":"https://trello.com/board/testbod/504405a65dee1f08760656f1","prefs":{"permissionLevel":"private","voting":"members","comments":"members","invitations":"members","selfJoin":false,"cardCovers":true},"invitations":[],"labelNames":{"red":"","orange":"","yellow":"","green":"","blue":"","purple":""},"memberships":[{"id":"504405a65dee1f08760656f5","idMember":"4fc80a0c9a97a0320ec32caa","memberType":"admin","deactivated":false}],"subscribed":false}],"members":[{"id":"4ffa4c5ce75c29032a88ea31","name":"Testboard","members":[{"id":"4f42669b0638ead00185dfa2","fullName":"Juuro","username":"juuro"},{"id":"4fc80a0c9a97a0320ec32caa","fullName":"Juurotest","username":"juurotest"}]},{"id":"4ffa504225f9df4a3a229c71","name":"Testboard2","members":[{"id":"4fc80a0c9a97a0320ec32caa","fullName":"Juurotest","username":"juurotest"}]},{"id":"504405a65dee1f08760656f1","name":"testbod!","members":[{"id":"4fc80a0c9a97a0320ec32caa","fullName":"Juurotest","username":"juurotest"}]}],"lists":[{"id":"4ffa4c5ce75c29032a88ea32","name":"To Do","closed":false,"idBoard":"4ffa4c5ce75c29032a88ea31","pos":16384,"subscribed":false},{"id":"4ffa4c5ce75c29032a88ea33","name":"Doing","closed":false,"idBoard":"4ffa4c5ce75c29032a88ea31","pos":32768,"subscribed":false},{"id":"4ffa4c5ce75c29032a88ea34","name":"Done","closed":false,"idBoard":"4ffa4c5ce75c29032a88ea31","pos":49152,"subscribed":false},{"id":"4ffa504225f9df4a3a229c72","name":"To Do","closed":false,"idBoard":"4ffa504225f9df4a3a229c71","pos":16384,"subscribed":false},{"id":"4ffa504225f9df4a3a229c73","name":"Doing","closed":false,"idBoard":"4ffa504225f9df4a3a229c71","pos":32768,"subscribed":false},{"id":"4ffa504225f9df4a3a229c74","name":"Done","closed":false,"idBoard":"4ffa504225f9df4a3a229c71","pos":49152,"subscribed":false},{"id":"504405a65dee1f08760656f2","name":"To Do","closed":false,"idBoard":"504405a65dee1f08760656f1","pos":16384,"subscribed":false},{"id":"504405a65dee1f08760656f3","name":"Doing","closed":false,"idBoard":"504405a65dee1f08760656f1","pos":32768,"subscribed":false},{"id":"504405a65dee1f08760656f4","name":"Done","closed":false,"idBoard":"504405a65dee1f08760656f1","pos":49152,"subscribed":false}],"cards":[{"id":"504405e75dee1f0876067a37","checkItemStates":[],"closed":false,"desc":"","idBoard":"504405a65dee1f08760656f1","idChecklists":[],"idList":"504405a65dee1f08760656f2","idMembers":[],"idShort":1,"manualCoverAttachment":false,"labels":[],"name":"Ohrstöpsel","pos":65535,"url":"https://trello.com/card/ohrstopsel/504405a65dee1f08760656f1/1","badges":{"votes":0,"viewingMemberVoted":false,"subscribed":false,"fogbugz":"","checkItems":0,"checkItemsChecked":0,"comments":0,"attachments":0,"description":false,"due":null},"subscribed":false,"members":[]},{"id":"504405ee5dee1f0876067ae7","checkItemStates":[],"closed":false,"desc":"","idBoard":"504405a65dee1f08760656f1","idChecklists":[],"idList":"504405a65dee1f08760656f2","idMembers":[],"idShort":3,"manualCoverAttachment":false,"labels":[],"name":"Fahrrad","pos":131071,"url":"https://trello.com/card/fahrrad/504405a65dee1f08760656f1/3","badges":{"votes":0,"viewingMemberVoted":false,"subscribed":false,"fogbugz":"","checkItems":0,"checkItemsChecked":0,"comments":0,"attachments":0,"description":false,"due":null},"subscribed":false,"members":[]},{"id":"504405eb5dee1f0876067aa5","checkItemStates":[],"closed":false,"desc":"","idBoard":"504405a65dee1f08760656f1","idChecklists":[],"idList":"504405a65dee1f08760656f4","idMembers":[],"idShort":2,"manualCoverAttachment":false,"labels":[],"name":"LEGO","pos":65535,"url":"https://trello.com/card/lego/504405a65dee1f08760656f1/2","badges":{"votes":0,"viewingMemberVoted":false,"subscribed":false,"fogbugz":"","checkItems":0,"checkItemsChecked":0,"comments":0,"attachments":0,"description":false,"due":null},"subscribed":false,"members":[]}]}
