{"organizations":[{"id":"504405785dee1f087606505d","name":"horstandhisfriends","displayName":"Horst and his friends","desc":"illumination der wirklichkeit","invited":false,"invitations":[],"prefs":{"permissionLevel":"private","orgInviteRestrict":[],"externalMembersDisabled":false},"powerUps":[],"url":"https://trello.com/horstandhisfriends","website":"http://blog.twoseb.de","memberships":[{"id":"504405785dee1f087606505e","idMember":"4fc80a0c9a97a0320ec32caa","memberType":"admin"}],"idBoards":["504405a65dee1f08760656f1"]}],"boards":[{"id":"4ffa4c5ce75c29032a88ea31","name":"Testboard","desc":"","closed":false,"invited":false,"pinned":true,"url":"https://trello.com/board/testboard/4ffa4c5ce75c29032a88ea31","prefs":{"permissionLevel":"private","voting":"members","comments":"members","invitations":"members","selfJoin":false,"cardCovers":true},"invitations":[],"labelNames":{"red":"","orange":"","yellow":"","green":"","blue":"","purple":""},"memberships":[{"id":"4ffa4c5ce75c29032a88ea35","idMember":"4fc80a0c9a97a0320ec32caa","memberType":"admin","deactivated":false},{"id":"4ffa4cffe75c29032a88fefd","idMember":"4f42669b0638ead00185dfa2","memberType":"normal","deactivated":false}],"subscribed":false},{"id":"4ffa504225f9df4a3a229c71","name":"Testboard2","desc":"","closed":false,"invited":false,"pinned":true,"url":"https://trello.com/board/testboard2/4ffa504225f9df4a3a229c71","prefs":{"permissionLevel":"private","voting":"members","comments":"members","invitations":"members","selfJoin":false,"cardCovers":true},"invitations":[],"labelNames":{"red":"","orange":"","yellow":"","green":"","blue":"","purple":""},"memberships":[{"id":"4ffa504225f9df4a3a229c75","idMember":"4fc80a0c9a97a0320ec32caa","memberType":"admin","deactivated":false}],"subscribed":false},{"id":"504405a65dee1f08760656f1","name":"testbod!","desc":"","closed":false,"idOrganization":"504405785dee1f087606505d","invited":false,"pinned":true,"url":"https://trello.com/board/testbod/504405a65dee1f08760656f1","prefs":{"permissionLevel":"private","voting":"members","comments":"members","invitations":"members","selfJoin":false,"cardCovers":true},"invitations":[],"labelNames":{"red":"","orange":"","yellow":"","green":"","blue":"","purple":""},"memberships":[{"id":"504405a65dee1f08760656f5","idMember":"4fc80a0c9a97a0320ec32caa","memberType":"admin","deactivated":false}],"subscribed":false}],"members":[{"id":"4ffa4c5ce75c29032a88ea31","name":"Testboard","members":[{"id":"4f42669b0638ead00185dfa2","fullName":"Juuro","username":"juuro"},{"id":"4fc80a0c9a97a0320ec32caa","fullName":"Juurotest","username":"juurotest"}]},{"id":"4ffa504225f9df4a3a229c71","name":"Testboard2","members":[{"id":"4fc80a0c9a97a0320ec32caa","fullName":"Juurotest","username":"juurotest"}]},{"id":"504405a65dee1f08760656f1","name":"testbod!","members":[{"id":"4fc80a0c9a97a0320ec32caa","fullName":"Juurotest","username":"juurotest"}]}],"lists":[{"id":"4ffa4c5ce75c29032a88ea32","name":"To Do","closed":false,"idBoard":"4ffa4c5ce75c29032a88ea31","pos":16384,"subscribed":false},{"id":"4ffa4c5ce75c29032a88ea33","name":"Doing","closed":false,"idBoard":"4ffa4c5ce75c29032a88ea31","pos":32768,"subscribed":false},{"id":"4ffa4c5ce75c29032a88ea34","name":"Done","closed":false,"idBoard":"4ffa4c5ce75c29032a88ea31","pos":49152,"subscribed":false},{"id":"4ffa504225f9df4a3a229c72","name":"To Do","closed":false,"idBoard":"4ffa504225f9df4a3a229c71","pos":16384,"subscribed":false},{"id":"4ffa504225f9df4a3a229c73","name":"Doing","closed":false,"idBoard":"4ffa504225f9df4a3a229c71","pos":32768,"subscribed":false},{"id":"4ffa504225f9df4a3a229c74","name":"Done","closed":false,"idBoard":"4ffa504225f9df4a3a229c71","pos":49152,"subscribed":false},{"id":"504405a65dee1f08760656f2","name":"To Do","closed":false,"idBoard":"504405a65dee1f08760656f1","pos":16384,"subscribed":false},{"id":"504405a65dee1f08760656f3","name":"Doing","closed":false,"idBoard":"504405a65dee1f08760656f1","pos":32768,"subscribed":false},{"id":"504405a65dee1f08760656f4","name":"Done","closed":false,"idBoard":"504405a65dee1f08760656f1","pos":49152,"subscribed":false}],"cards":[{"id":"504bf790e9e68a282c8b3df6","checkItemStates":[],"closed":false,"desc":"","idBoard":"4ffa4c5ce75c29032a88ea31","idChecklists":[],"idList":"4ffa4c5ce75c29032a88ea32","idMembers":[],"idShort":27,"manualCoverAttachment":false,"labels":[],"name":"Woot!","pos":3,"url":"https://trello.com/card/woot/4ffa4c5ce75c29032a88ea31/27","badges":{"votes":0,"viewingMemberVoted":false,"subscribed":false,"fogbugz":"","checkItems":0,"checkItemsChecked":0,"comments":0,"attachments":0,"description":false,"due":null},"subscribed":false,"members":[]},{"id":"504bf684222bddb7526503c7","checkItemStates":[],"closed":false,"desc":"","idBoard":"4ffa4c5ce75c29032a88ea31","idChecklists":[],"idList":"4ffa4c5ce75c29032a88ea32","idMembers":[],"idShort":26,"manualCoverAttachment":false,"labels":[],"name":"Woot!","pos":1027,"url":"https://trello.com/card/woot/4ffa4c5ce75c29032a88ea31/26","badges":{"votes":0,"viewingMemberVoted":false,"subscribed":false,"fogbugz":"","checkItems":0,"checkItemsChecked":0,"comments":0,"attachments":0,"description":false,"due":null},"subscribed":false,"members":[]},{"id":"503fb04e7c40f57f4f2b68a3","checkItemStates":[{"idCheckItem":"5040179b8d7473c94757317e","state":"complete"}],"closed":false,"desc":"I finished my thesis and all I got is this lousy T-shirt. Bam!\n","idBoard":"4ffa4c5ce75c29032a88ea31","idChecklists":["504017918d7473c947572f3e"],"idList":"4ffa4c5ce75c29032a88ea32","idMembers":[],"idShort":12,"idAttachmentCover":"","manualCoverAttachment":false,"labels":[],"name":"Test","pos":262143,"url":"https://trello.com/card/test/4ffa4c5ce75c29032a88ea31/12","badges":{"votes":0,"viewingMemberVoted":false,"subscribed":false,"fogbugz":"","checkItems":2,"checkItemsChecked":1,"comments":0,"attachments":1,"description":true,"due":null},"subscribed":false,"members":[],"checklists":[{"id":"504017918d7473c947572f3e","name":"Jeans","items":[{"name":"Yay!","completed":false,"pos":16654},{"name":"Nay!","completed":true,"pos":33635}]}],"attachments":[{"id":"50401356e23f479b772bfb0f","bytes":332,"date":"2012-08-31T01:28:54.352Z","idMember":"4f42669b0638ead00185dfa2","isUpload":true,"name":"kreditrechner.rb","previews":[],"url":"https://trello-attachments.s3.amazonaws.com/4ffa4c5ce75c29032a88ea31/503fb04e7c40f57f4f2b68a3/58ed251ca56f803350f0d37cae973056/kreditrechner.rb"}]},{"id":"50410b1bc4b4d0de1b06e33c","checkItemStates":[],"closed":false,"desc":"","idBoard":"4ffa4c5ce75c29032a88ea31","idChecklists":[],"idList":"4ffa4c5ce75c29032a88ea32","idMembers":[],"idShort":21,"manualCoverAttachment":false,"labels":[],"name":"Kacke da!","pos":327679,"url":"https://trello.com/card/kacke-da/4ffa4c5ce75c29032a88ea31/21","badges":{"votes":0,"viewingMemberVoted":false,"subscribed":false,"fogbugz":"","checkItems":0,"checkItemsChecked":0,"comments":0,"attachments":0,"description":false,"due":null},"subscribed":false,"members":[]},{"id":"50414cabf5c9acdf5d2e54a8","checkItemStates":[],"closed":false,"desc":"","idBoard":"4ffa4c5ce75c29032a88ea31","idChecklists":[],"idList":"4ffa4c5ce75c29032a88ea32","idMembers":[],"idShort":22,"manualCoverAttachment":false,"labels":[],"name":"Ramslibams!","pos":393215,"url":"https://trello.com/card/ramslibams/4ffa4c5ce75c29032a88ea31/22","badges":{"votes":0,"viewingMemberVoted":false,"subscribed":false,"fogbugz":"","checkItems":0,"checkItemsChecked":0,"comments":0,"attachments":0,"description":false,"due":null},"subscribed":false,"members":[]},{"id":"5041622bdbeb21ed5d354ccb","checkItemStates":[],"closed":false,"desc":"","idBoard":"4ffa4c5ce75c29032a88ea31","idChecklists":[],"idList":"4ffa4c5ce75c29032a88ea32","idMembers":[],"idShort":23,"manualCoverAttachment":false,"labels":[],"name":"Waha!","pos":458751,"url":"https://trello.com/card/waha/4ffa4c5ce75c29032a88ea31/23","badges":{"votes":0,"viewingMemberVoted":false,"subscribed":false,"fogbugz":"","checkItems":0,"checkItemsChecked":0,"comments":0,"attachments":0,"description":false,"due":null},"subscribed":false,"members":[]},{"id":"504169bd6d19eaed1b38019d","checkItemStates":[],"closed":false,"desc":"","idBoard":"4ffa4c5ce75c29032a88ea31","idChecklists":[],"idList":"4ffa4c5ce75c29032a88ea32","idMembers":[],"idShort":24,"manualCoverAttachment":false,"labels":[],"name":"Is this a new behaviour?","pos":524287,"url":"https://trello.com/card/is-this-a-new-behaviour/4ffa4c5ce75c29032a88ea31/24","badges":{"votes":0,"viewingMemberVoted":false,"subscribed":false,"fogbugz":"","checkItems":0,"checkItemsChecked":0,"comments":0,"attachments":0,"description":false,"due":null},"subscribed":false,"members":[]},{"id":"4ffa4c70e75c29032a88ecd0","checkItemStates":[{"idCheckItem":"500747711f04114d33133fa7","state":"complete"}],"closed":false,"desc":"Oh boys!?!?","due":"2012-08-30T15:00:00.000Z","idBoard":"4ffa4c5ce75c29032a88ea31","idChecklists":["5007475c1f04114d33133ce1"],"idList":"4ffa4c5ce75c29032a88ea33","idMembers":["4f42669b0638ead00185dfa2"],"idShort":1,"labels":[{"color":"red","name":""}],"name":"Back in The U.S.S.R.","pos":65535,"url":"https://trello.com/card/back-in-the-u-s-s-r/4ffa4c5ce75c29032a88ea31/1","badges":{"votes":0,"viewingMemberVoted":false,"subscribed":false,"fogbugz":"","due":"2012-08-30T15:00:00.000Z","description":true,"comments":0,"checkItemsChecked":1,"checkItems":4,"attachments":0},"subscribed":false,"members":[{"id":"4f42669b0638ead00185dfa2","avatarHash":"292f6ca22d76af4e75cf57f7362e985b","bio":"","fullName":"Juuro","initials":"J","status":"disconnected","url":"https://trello.com/juuro","username":"juuro","trophies":["iOS"],"idOrganizations":[],"idBoards":["4ff9e4b4ff4e221e16301a02","4fee4e6c940f12a343102879","4fc675f9ca987d10290e8894","4fe7b59146de9f9b2f3cca0a","4fe6e94f26d709bf666d9921","4f615b946dfee5254c33ceb9","4ff9e4b53248ba933502be98","4fe7b5926c927cbe451674d9","4fee4e6d41fbea332b0ae887","4fc8ecbe27a931125fe5f693","4ff9e4b59826a9fe6662e8dc","4fee4e6e7a4da88148159209","4fe7b593103df7594f497938","4fe7b593f3a8a5065526ed97","4ff9e4b6ff4e221e16301ac6","4fee4e6f71f090312b0cac4b","4fe7b59478fc5f035542e193","4ff9e4b7ff4e221e16301ae0","4fee4e703ba37271480e4a33","4f58d869eaf9b0b5662e2eef","504ecf4dbbf7367265b08943","50493d35e854d0e21bde6a9e","4fe7b595c1ad019f1e5ace5e","50493f136684ee795b26c2ac","50493cad9de40ca832f96c16","50493fa7ad53494d1d3cca7e","4ff9e4b8112a79080d30935e","50492b86fef1d3c6099b436a","4fee4e71cafd6f02041ea6dc","4ffa4c5ce75c29032a88ea31","4ffac6fcff4e221e169ba37c","4ffad91ad6fb4b394cf59db5","50074cb19134a5676072bb08","5049165d64fcbdaa54167136","500f4bdee35fa515174d7dc2","500fbc409099c13413081f52","50480db98239ac461322bcce","5049074ae798761135de3e92","504915316684ee795b077484","504915b410fb372969dc84f2","4ff9e4b9ff4e221e16301b2a","4fe7b5968c67229a34004387","4fee4e72091e26d34312ed7d","4ff9e4ba6b994d9e3c50faf2","4fee4e73360b376f4815adea","4fe7b59704b011b72731da1c"]}],"checklists":[{"id":"5007475c1f04114d33133ce1","name":"CHECK IT OUT","items":[{"name":"What is this?","completed":false,"pos":17173},{"name":"And what is that?","completed":false,"pos":34512},{"name":"Oh, look there","completed":true,"pos":51081},{"name":"It it a Brett!","completed":false,"pos":67681}]}]},{"id":"503965d018a5fec561e66869","checkItemStates":[],"closed":false,"desc":"","idBoard":"4ffa4c5ce75c29032a88ea31","idChecklists":[],"idList":"4ffa4c5ce75c29032a88ea34","idMembers":[],"idShort":4,"manualCoverAttachment":false,"labels":[],"name":"Write a letter to grandma.","pos":65535,"url":"https://trello.com/card/write-a-letter-to-grandma/4ffa4c5ce75c29032a88ea31/4","badges":{"votes":0,"viewingMemberVoted":false,"subscribed":false,"fogbugz":"","checkItems":0,"checkItemsChecked":0,"comments":0,"attachments":0,"description":false,"due":null},"subscribed":false,"members":[]},{"id":"503965e018a5fec561e66af1","checkItemStates":[],"closed":false,"desc":"Hello, I'm Ralph. No! My name is Slim Shady!","due":"2012-08-28T14:00:00.000Z","idBoard":"4ffa4c5ce75c29032a88ea31","idChecklists":[],"idList":"4ffa4c5ce75c29032a88ea34","idMembers":[],"idShort":5,"manualCoverAttachment":false,"labels":[],"name":"Buy a mountainbike.","pos":131071,"url":"https://trello.com/card/buy-a-mountainbike/4ffa4c5ce75c29032a88ea31/5","badges":{"votes":0,"viewingMemberVoted":false,"subscribed":false,"fogbugz":"","due":"2012-08-28T14:00:00.000Z","description":true,"comments":0,"checkItemsChecked":0,"checkItems":0,"attachments":0},"subscribed":false,"members":[]},{"id":"504405d15dee1f08760663cd","checkItemStates":[],"closed":false,"desc":"","idBoard":"4ffa504225f9df4a3a229c71","idChecklists":[],"idList":"4ffa504225f9df4a3a229c73","idMembers":[],"idShort":1,"manualCoverAttachment":false,"labels":[],"name":"Nö du!","pos":65535,"url":"https://trello.com/card/no-du/4ffa504225f9df4a3a229c71/1","badges":{"votes":0,"viewingMemberVoted":false,"subscribed":false,"fogbugz":"","checkItems":0,"checkItemsChecked":0,"comments":0,"attachments":0,"description":false,"due":null},"subscribed":false,"members":[]},{"id":"504405e75dee1f0876067a37","checkItemStates":[],"closed":false,"desc":"","idBoard":"504405a65dee1f08760656f1","idChecklists":[],"idList":"504405a65dee1f08760656f2","idMembers":[],"idShort":1,"manualCoverAttachment":false,"labels":[],"name":"Ohrstöpsel","pos":65535,"url":"https://trello.com/card/ohrstopsel/504405a65dee1f08760656f1/1","badges":{"votes":0,"viewingMemberVoted":false,"subscribed":false,"fogbugz":"","checkItems":0,"checkItemsChecked":0,"comments":0,"attachments":0,"description":false,"due":null},"subscribed":false,"members":[]},{"id":"504405ee5dee1f0876067ae7","checkItemStates":[],"closed":false,"desc":"","idBoard":"504405a65dee1f08760656f1","idChecklists":[],"idList":"504405a65dee1f08760656f2","idMembers":[],"idShort":3,"manualCoverAttachment":false,"labels":[],"name":"Fahrrad","pos":131071,"url":"https://trello.com/card/fahrrad/504405a65dee1f08760656f1/3","badges":{"votes":0,"viewingMemberVoted":false,"subscribed":false,"fogbugz":"","checkItems":0,"checkItemsChecked":0,"comments":0,"attachments":0,"description":false,"due":null},"subscribed":false,"members":[]},{"id":"5047fb809161b0e71b2daefc","checkItemStates":[],"closed":false,"desc":"","idBoard":"504405a65dee1f08760656f1","idChecklists":[],"idList":"504405a65dee1f08760656f3","idMembers":[],"idShort":4,"manualCoverAttachment":false,"labels":[],"name":"Whot is dis?","pos":65535,"url":"https://trello.com/card/whot-is-dis/504405a65dee1f08760656f1/4","badges":{"votes":0,"viewingMemberVoted":false,"subscribed":false,"fogbugz":"","checkItems":0,"checkItemsChecked":0,"comments":1,"attachments":0,"description":false,"due":null},"subscribed":false,"members":[],"commentsContent":[{"id":"5047fb8c9161b0e71b2db085","idMemberCreator":"4fc80a0c9a97a0320ec32caa","data":{"text":"Hello? My name is bunny!","board":{"name":"testbod!","id":"504405a65dee1f08760656f1"},"card":{"name":"Whot is dis?","idShort":4,"id":"5047fb809161b0e71b2daefc"}},"type":"commentCard","date":"2012-09-06T01:25:32.213Z","memberCreator":{"id":"4fc80a0c9a97a0320ec32caa","fullName":"Juurotest","initials":"J","username":"juurotest"}}]},{"id":"4ffa4c76e75c29032a88ed19","checkItemStates":[{"idCheckItem":"4ffa4c99e75c29032a88f259","state":"complete"},{"idCheckItem":"4ffa4c9fe75c29032a88f2ba","state":"complete"}],"closed":false,"desc":"Lorem ipsum dolor sit amet, consetetur sadipscing elitr, sed diam nonumy eirmod tempor invidunt ut labore et dolore magna aliquyam erat, sed diam voluptua. At vero eos et accusam et justo duo dolores et ea rebum. Stet clita kasd gubergren, no sea takimata sanctus est Lorem ipsum dolor sit amet. Lorem ipsum dolor sit amet, consetetur sadipscing elitr, sed diam nonumy eirmod tempor invidunt ut labore et dolore magna aliquyam erat, sed diam voluptua. At vero eos et accusam et justo duo dolores et ea rebum. Stet clita kasd gubergren, no sea takimata sanctus est Lorem ipsum dolor sit amet.\n\nTROLLOLO!","due":"2012-08-04T15:00:00.000Z","idBoard":"504405a65dee1f08760656f1","idChecklists":["4ffa4c92e75c29032a88f122"],"idList":"504405a65dee1f08760656f3","idMembers":["4fc80a0c9a97a0320ec32caa"],"idShort":5,"idAttachmentCover":"","manualCoverAttachment":true,"labels":[],"name":"Ob-La-Di, Ob-La-Da","pos":81919,"url":"https://trello.com/card/ob-la-di-ob-la-da/504405a65dee1f08760656f1/5","badges":{"votes":1,"viewingMemberVoted":true,"subscribed":true,"fogbugz":"","due":"2012-08-04T15:00:00.000Z","description":true,"comments":2,"checkItemsChecked":2,"checkItems":3,"attachments":2},"subscribed":true,"members":[{"id":"4fc80a0c9a97a0320ec32caa","bio":"","fullName":"Juurotest","initials":"J","status":"disconnected","url":"https://trello.com/juurotest","username":"juurotest","avatarSource":"none","gravatarHash":"8f38a14e95127b6a84b9629c9cf9a21c","idBoards":["4fc80c5742d5291c3fc4b5fd","4fc80ccb49e99e82635f54d3","4fc80ccc9888d25d635857d0","4fc80ccd1b9ecf0c35b78013","4fc80cce1b9ecf0c35b7804b","4fc80ccf49e99e82635f5534","4fc80cd0a5adfa6c03409abc","4fc80cd127a931125f5d08ff","4fc80cd2578636997b5ed65c","4fc80cfd46077dee73422f1d","4fc80cfe42d5291c3fc4ede1","4fc80cff2db344bd492c3f95","4fc80d0042d5291c3fc4ee1d","4fc80d019888d25d63585d15","4fc80d0227a931125f5d0fca","4fc80d037dc247620340f0b4","4fc80d04871c55fc5f5c8623","4fc810404065d15334d3960c","4fc810417dc2476203430c90","4fc810439a97a0320ec48f6e","4fc81043578636997b60a364","4fc810446634e85570a0a44e","4fc810452db344bd492d275a","4fc81046c87347ad18c2e139","4fc81047871c55fc5f5f7e7d","4fc811cc16a101ef6595c557","4fc811cd871c55fc5f60518f","4fc811ce16a101ef6595c597","4fc811cf4325f20e5bcf7fa6","4fc811d042d5291c3fc6a99e","4fc811d07dc247620343cc47","4fc811d116a101ef6595c643","4fc811d2a302e6a77077a7bc","4fc81202a5adf3fe2075f159","4fc812030e7b4d7132282bf6","4fc8120420dfdcad5bdac0da","4fc812051e8ed05210772679","4fc812061b9ecf0c35b99ceb","4fc812072db344bd492dcfcd","4fc8120851c6ed0b287d8786","4fc812093d9c9a4d72859453","4fc8129ee2cdc4dd7b465447","4fc8129f3c529788379ce928","4fc812a01b9ecf0c35b9efd4","4fc812a19888d25d6359cc56","4fc812a227a931125f5f7f6e","4fc812a3e2cdc4dd7b4654c3","4fc812a47dc24762034423ce","4fc812a52db344bd492dfe2a","4fc816b32db344bd492f4453","4fc816b44065d15334d6ff1a","4fc816b5578636997b63219f","4fc816b60e7b4d71322a70dc","4fc816b727a931125f609736","4fc816b87dc247620345edf3","4fc816b93d9c9a4d728713e1","4fc816b94325f20e5bd071c0","4fc817071b9ecf0c35bbe093","4fc817084325f20e5bd09343","4fc81709e2cdc4dd7b476b91","4fc8170a51c6ed0b287f9a6b","4fc8170b0e7b4d71322a8a0e","4fc8170ce2cdc4dd7b476c02","4fc8170d1b9ecf0c35bbe24b","4fc8170e27a931125f60b75f","4fc819b920dfdcad5bdd2241","4fc819ba3d9c9a4d7287ffa6","4fc819bb51c6ed0b2880704f","4fc819bc1b9ecf0c35bcc99c","4fc819bd4065d15334d88a52","4fc819be51c6ed0b288070d5","4fc819be4065d15334d88a97","4fc819bf4325f20e5bd11d9f","4fc822ee9a97a0320eca6c9a","4fc822efc87347ad18c863e7","4fc822f020dfdcad5bdf9dd9","4fc822f1f94610bf68808585","4fc822f2a5adfa6c03504edf","4fc822f3f7eee79203814bac","4fc822f41b9ecf0c35c058fc","4fc822f5c87347ad18c864b2","4fc8b6faf7eee79203d6c4b1","4fc8b6fbc87347ad18179784","4fc8b6fb502add9110100ebf","4fc8b6fc4aa1a27549188499","4fc8b6fd0e7b4d71329ea270","4fc8b6fe7dc2476203c82bf4","4fc8b6fe4aa1a275491884df","4fc8b6ffa302e6a770b24032","4fc8c8011b9ecf0c35367913","4fc8c8321b9ecf0c35369a32","4fc8c8336634e85570e32e02","4fc8c8343c529788370b9637","4fc8c835871c55fc5fed17c5","4fc8c8366634e85570e3300e","4fc8c837a302e6a770bc0c55","4fc8c83838b1028f54ecc0f4","4fc8c83a4aa1a27549346a32","4fc8c986a5adf3fe20e5e7b7","4fc8c98776d290e539cca29d","4fc8c9889888d25d639f74e4","4fc8c98ac87347ad1822ac4c","4fc8c98b42d5291c3f3fcbf0","4fc8c98cf94610bf68ee9d58","4fc8c98d4065d15334444770","4fc8c98e38b1028f54ed8339","4fc8cb1727a931125fd28f62","4fc8cb63f33bb328051a77e8","4fc8cb651e8ed05210e60e0c","4fc8cb9749e99e8263a91908","4fc8cb983c529788370da52f","4fc8cb993c529788370da54f","4fc8cb9bc87347ad1823fe4e","4fc8cb9c1e8ed05210e61b89","4fc8cb9da5adf3fe20e793b0","4fc8cb9df7eee79203e5616d","4fc8cb9f38b1028f54ee905d","4fc8cbcf871c55fc5ff034e1","4fc8cbd049e99e8263a93d10","4fc8cbd151c6ed0b28f6931a","4fc8cbd2a885233f4be7f50e","4fc8cbd24325f20e5b3b027a","4fc8cbd30e7b4d7132af83e4","4fc8cbd442d5291c3f41c1b6","4fc8cbd53d9c9a4d72f5e73b","4fc8cc3276d290e539cdb537","4fc8cc33a5adf3fe20e7c63e","4fc8cc8649e99e8263a9aeb0","4fc8cc998e12d2683ccd3399","4fc8cc9a4065d1533445a65e","4fc8cc9c49e99e8263a9b478","4fc8cc9d9888d25d63a33759","4fc8cc9e1e8ed05210e6efd1","4fc8cca09888d25d63a337dd","4fc8cca11b9ecf0c3539836b","4fc8cca24065d1533445a7e5","4fc8cdf9a5adf3fe20eac14d","4fc8ce12054e396f04979894","4fc8ce579888d25d63a3d5fc","4fc8d0541b9ecf0c3543c00a","4fc8d057fde173c63727f65d","4fc8d058578636997bd7cee8","4fc8d05afde173c63727f6c4","4fc8d05ba5adf3fe20ed27a6","4fc8d05c0e7b4d7132b21692","4fc8d05e1e8ed05210e867a5","4fc8d05f3c52978837124b4d","4fc8d099fde173c637280a74","4fc8d09af7eee79203e75b6d","4fc8d09b4aa1a275493bd2a5","4fc8d09d054e396f0499abc3","4fc8d09f2db344bd49b7ccdb","4fc8d0a049e99e8263ae92c6","4fc8d0a17dc2476203ddbf42","4fc8d0a34aa1a275493bdbbc","4fc8d10149e99e8263aedcec","4fc8d133a5adf3fe20eda2e5","4fc8d438f33bb32805257e42","4fc8d45c51c6ed0b28fce4d4","4fc8d45d578636997bda0e25","4fc8d45e4065d153344b1dcb","4fc8d45f4aa1a275493f6187","4fc8d45ff94610bf68f647f2","4fc8d460a5adf3fe20ef4575","4fc8d4617dc2476203e04325","4fc8d4623d9c9a4d72fade53","4fc8d4c451c6ed0b28fd2ba3","4fc8d4c549e99e8263b1b6f0","4fc8d4c6a885233f4bed64f0","4fc8d4c76634e85570e7b761","4fc8d4c749e99e8263b1b84c","4fc8d4c820dfdcad5b5c86c0","4fc8d4c93c52978837156cd1","4fc8d4caf33bb3280525be97","4fc8d4e020dfdcad5b5c90aa","4fc8d4e049e99e8263b1c844","4fc8d4e17dc2476203e07544","4fc8d4e29a97a0320e1dfbe2","4fc8d4e251c6ed0b28fd38d1","4fc8d4e3f94610bf68f7287b","4fc8d4e42db344bd49bb509d","4fc8d4e527a931125fd8d1a1","4fc8d5069888d25d63a61e08","4fc8d5076634e85570e7fa0b","4fc8d5089888d25d63a61e2b","4fc8d508578636997bdb0032","4fc8d5097dc2476203e08701","4fc8d50a16a101ef65f05b0e","4fc8d50ba885233f4bed7d83","4fc8d50c27a931125fd8f031","4fc8d546f94610bf68f75f20","4fc8d547578636997bdb25c3","4fc8d5483c5297883715b138","4fc8d54820dfdcad5b5cf6e9","4fc8d5492db344bd49bb9bce","4fc8d54a4aa1a275493ff652","4fc8d54b1b9ecf0c355e0bf4","4fc8d54ca885233f4bed9037","4fc8d5761e8ed05210ec9486","4fc8d5776634e85570e84529","4fc8d5788e12d2683cd09f7c","4fc8d578ea3859b01c02dd4e","4fc8d5ab3d9c9a4d72fb9701","4fc8d5ac054e396f049f159e","4fc8d5ad3c5297883715dfc1","4fc8d5ae0e7b4d7132b8dedb","4fc8d5afa5adf3fe20f05d40","4fc8d5b03c5297883715e070","4fc8d5b1ea3859b01c032346","4fc8d5b276d290e539d2bd3c","4fc8d5e4a885233f4bedd4fd","4fc8d5e54aa1a2754940cf09","4fc8d5e64aa1a2754940cf25","4fc8d5e72db344bd49bbf601","4fc8d5e776d290e539d2dc85","4fc8d5e84065d153344c8e1b","4fc8d5e98e12d2683cd0b8b8","4fc8d5ea054e396f049f6209","4fc8d7bc871c55fc5ffce5ff","4fc8d7bd4aa1a2754941d4bc","4fc8d7be20dfdcad5b5e56f1","4fc8d7bf1e8ed05210ee22e4","4fc8d7bff94610bf68f914cd","4fc8d7c0054e396f04a15473","4fc8d7c142d5291c3f4c0ae0","4fc8d7c24065d153344dc9b6","4fc8d9f5a302e6a770c5dd31","4fc8d9f6054e396f04a3632a","4fc8d9f627a931125fdbe723","4fc8d9f742d5291c3f4d82f0","4fc8d9f8a5adf3fe20f34104","4fc8d9f94aa1a275494367d3","4fc8d9faa885233f4bef6dd9","4fc8d9fa20dfdcad5b5fdee9","4fc8da88fde173c63730ab73","4fc8da892db344bd49c0023a","4fc8da8a7dc2476203e3d080","4fc8da8b49e99e8263b69a2b","4fc8da8c4065d153344ef95c","4fc8da8cfde173c63730ac29","4fc8da8d578636997bdeee81","4fc8da8eea3859b01c067e79","4fc8db4c76d290e539d6457d","4fc8db4d2db344bd49c04ae2","4fc8db4e27a931125fdca4ec","4fc8db4e023aed1610f8884c","4fc8db4f27a931125fdca52f","4fc8db50a885233f4bf02213","4fc8db519a97a0320e228bde","4fc8db5138b1028f54f74047","4fc8dc112db344bd49c09fd1","4fc8dc12871c55fc5ffff6fb","4fc8dc129888d25d63a93a57","4fc8dc13f33bb328052ae897","4fc8dc14a302e6a770c68e2f","4fc8dc152db344bd49c0a0e9","4fc8dc15a5adf3fe20f48f92","4fc8dc164aa1a2754944f573","4fc8de8c9a97a0320e24df1e","4fc8de8d16a101ef65f52913","4fc8de8dea3859b01c0adc23","4fc8de8e30360dde2b00ae1f","4fc8de8f1b9ecf0c3572176d","4fc8de9016a101ef65f529f2","4fc8de901e8ed05210f1c2a1","4fc8de91023aed1610faff3b","4fc8e3fd6634e85570ed6500","4fc8e3fe871c55fc5f07f1da","4fc8e3ffea3859b01c0fa0d0","4fc8e4004aa1a275494cd433","4fc8e4019888d25d63add3ff","4fc8e40230360dde2b0a7dd4","4fc8e403f7eee79203f0d5d7","4fc8e404578636997be3b9af","4fc8e4c1502add91102d260b","4fc8e4c21e8ed05210fb25a7","4fc8e4c23d9c9a4d7203c55e","4fc8e4c316a101ef65f95fa1","4fc8e4c43d9c9a4d7203c59a","4fc8e4c530360dde2b0c5617","4fc8e4c6f7eee79203f1151f","4fc8e4c7023aed1610fe1d44","4fc8ea743d9c9a4d72069067","4fc8ea7516a101ef65fc259b","4fc8ea76023aed161000d571","4fc8ea77fde173c6373a4462","4fc8ea7771aa3dfd5c01238d","4fc8ea7842d5291c3f56ff33","4fc8ea799a97a0320e2f0543","4fc8ea7aa302e6a770cbf43d","4fc8ecbda885233f4bfa52e0","4fc8ecbe27a931125fe5f693","4fc8ecbfa5adf3fe20006469","4fc8ecc0502add9110310921","4fc8ecc0fde173c6373ba8db","4fc8ecc1f7eee79203f56b11","4fc8ecc227a931125fe5f6f1","4fc8ecc351c6ed0b280a9272","4fc8ed8c502add9110314518","4fc8ed8d7dc2476203ef3b61","4fc8ed8e76d290e539deee7c","4fc8ed8f9a97a0320e31352b","4fc8ed8f76d290e539def0e0","4fc8ed9151c6ed0b280ad5e8","4fc8ed9271aa3dfd5c0285c2","4fc8ed924aa1a2754954cd27","4fc8ef8b36cb24cb410b8bea","4fc8ef8c1e8ed05210008fe8","4fc8ef8d36cb24cb410b8e3b","4fc8ef8e0a7e55820201c750","4fc8ef8f36cb24cb410b8e9d","4fc8ef901b9ecf0c35793938","4fc8ef9030360dde2b18be9e","4fc8ef91fde173c6373cb173","4fe3571573656e533707a723","4fe35716fd545f491001aec0","4fe357176fa8d5db54020505","4fe35718fd545f491001aed1","4fe357190bc4c2736504fd2c","4fe3571a618bf76c65042f42","4fe3571baa15306637039fbd","4fe3571c2466f9583703889f","4fe4924c90c7e6d867229005","4fe6d918745f6db5664c9d96","4fe6d91969c626015530f0e8","4fe6d91a8e0b1b485013153d","4fe6d91a24e8cb606036e5f4","4fe6d91be678c60c603efb5b","4fe6d91c58484c324135716e","4fe6d91d880cda8e1e746aee","4fe6d91de5a5b15c4f5814aa","4fe6e540c1ad019f1e470feb","4fe6e541d31bebcc4849f539","4fe6e54246de9f9b2f2c8dff","4fe6e543c6992ed84039988a","4fe6e5440b4840365c15fbab","4fe6e544d13a23045521f356","4fe6e545ab29a9e319035462","4fe6e5462099b39d1e2d907e","4fe6e65f8e0b1b485014b101","4fe6e8a4e678c60c60408f4d","4fe6e8cba0a2d100552a6e5d","4fe6e94f26d709bf666d9921","4fe707e972fb60941ea40b58","4fe7083358484c32413a060f","4fe70833e042c3961e6d4032","4fe70834a0a2d100552baae3","4fe7083558484c32413a0655","4fe70836b7e283b9666b82b4","4fe708372099b39d1e2f698f","4fe7083726d709bf667cb776","4fe70838513efab16641620c","4fe708392453b0ac6632e6a7","4fe7905a103df7594f458a4b","4fe7905be5a5b15c4f6701ec","4fe7905b0b4840365c210fb6","4fe7905c513efab1664d831b","4fe7905d6c927cbe450f64df","4fe7905fc6992ed8405e1660","4fe79060b7e283b966838c1f","4fe79061e042c3961e879f8d","4fe7a83bf3a8a5065526298c","4fe7a83c04b011b7272e63ec","4fe7a83dc1ad019f1e599dce","4fe7a83e04b011b7272e63f7","4fe7a83f04b011b7272e6403","4fe7a8402099b39d1e3a0097","4fe7a8418e0b1b4850353753","4fe7a842cf8c424368430219","4fe7abc6c1ad019f1e5a0644","4fe7abc70de634564f300c10","4fe7abc8c6992ed8406220d8","4fe7abc95388e88f54226fc9","4fe7abca5388e88f54226fdb","4fe7abcb24e8cb60605859a3","4fe7abcc04b011b7272f439e","4fe7abcda557f5534f4aa913","4fe7ac63f9ee55a9663b284b","4fe7ac654bd40bbc66497fb3","4fe7ac66880cda8e1e9713a7","4fe7ac676c927cbe451463c7","4fe7ac68e9f717aa666b716b","4fe7ac6946de9f9b2f3bec88","4fe7ac6ac6992ed840623966","4fe7ac6bf9ee55a9663b28a0","4fe7ad4c24e8cb6060588da8","4fe7ad4d6c927cbe45147fb0","4fe7ad4e58484c32414ff8da","4fe7ad4fcf8c424368441c9e","4fe7ad5072fb60941ec95256","4fe7ad51513efab1664ffd66","4fe7ad52e678c60c605b591a","4fe7ad53345b178c1e4e6b6d","4fe7adfd04b011b7272ff1f0","4fe7adfe2099b39d1e3a3e55","4fe7adff24e8cb606058b599","4fe7adff78fc5f035540a327","4fe7ae00f9ee55a9663b4536","4fe7ae01b7e283b966887a63","4fe7ae0242a7237267225323","4fe7ae030de634564f304dad","4fe7ae465388e88f54230471","4fe7ae472099b39d1e3a42a3","4fe7ae48345b178c1e4e7185","4fe7ae49b7e283b966887e72","4fe7ae49513efab166500dc6","4fe7ae4bd31bebcc485fc84f","4fe7ae4c784cfe351149f5c1","4fe7ae4cc56570256a57f7e7","4fe7ae87880cda8e1e978c58","4fe7ae8724e8cb606058c0b0","4fe7ae888e0b1b485037f424","4fe7ae89c56570256a57fa8c","4fe7ae8a5388e88f54230cb1","4fe7ae8b58484c32415027c2","4fe7ae8c46de9f9b2f3c3083","4fe7ae8d31b5a2a7242f5236","4fe7aef424e8cb606058c9de","4fe7aef50b4840365c23948f","4fe7aef6345b178c1e4e81af","4fe7aef75388e88f542318a8","4fe7aef81440d09c1e9833de","4fe7aef9880cda8e1e97ab4e","4fe7aefa46de9f9b2f3c3ebe","4fe7aefa880cda8e1e97ab6c","4fe7af3c6c927cbe4515219f","4fe7af3de678c60c605bb4da","4fe7af3e04b011b727307cb7","4fe7af3ffaf71ba42429a997","4fe7af404bd40bbc664a05c8","4fe7af4178fc5f035541d293","4fe7af423302a2b7663fb439","4fe7af43e042c3961e8fb5e7","4fe7afd2cf8c4243684468ce","4fe7afd3784cfe35114a6a85","4fe7afd424e8cb606058e179","4fe7afd5e5a5b15c4f699e29","4fe7afd61440d09c1e99417a","4fe7afd6c1ad019f1e5a6c2a","4fe7afd78e0b1b4850386541","4fe7afd83c179c991e3f18a0","4fe7b00a345b178c1e4e92be","4fe7b00b4bd40bbc664a1ee5","4fe7b00cc6992ed8406299d7","4fe7b00d4bd40bbc664a1ef0","4fe7b00e8e0b1b4850387c70","4fe7b00e24e8cb606058e916","4fe7b00fbaa5cd8f1e408523","4fe7b01046de9f9b2f3c571c","4fe7b062c1ad019f1e5a7697","4fe7b06304b011b72730a949","4fe7b064b7e283b96688c79b","4fe7b065784cfe35114a7d31","4fe7b06624e8cb606058f261","4fe7b067c1ad019f1e5a76ab","4fe7b068a557f5534f4ad9e7","4fe7b06969c62601553d8c5a","4fe7b0d446de9f9b2f3c69df","4fe7b0d5d13a23045529c032","4fe7b0d6f3a8a5065526ad40","4fe7b0d61440d09c1e99fca2","4fe7b0d76c927cbe45156e72","4fe7b0d8e042c3961e8ff87f","4fe7b0d9745f6db5665e1814","4fe7b0dae042c3961e8ff8b0","4fe7b59146de9f9b2f3cca0a","4fe7b5926c927cbe451674d9","4fe7b593103df7594f497938","4fe7b593f3a8a5065526ed97","4fe7b59478fc5f035542e193","4fe7b595c1ad019f1e5ace5e","4fe7b5968c67229a34004387","4fe7b59704b011b72731da1c","4fee44a53ba37271480ca9fe","4fee44a6f949f90f43118696","4fee44a7f0ddf32a2b0e99b7","4fee44a8eeb2ae1f7e07606d","4fee44a97406c22c7a1ae81f","4fee44aacafd6f02041ae5fb","4fee44abecdb2afa3b0b1a25","4fee44ab360b376f480fb37b","4fee4ca136e8d73c2b128714","4fee4ca1f949f90f4312f190","4fee4ca26b97ab0d4310425d","4fee4ca33ae997fa030f4884","4fee4ca46b97ab0d4310427c","4fee4ca5360b376f4813ec9d","4fee4ca6671ab1324315365e","4fee4ca73692811f7a185020","4fee4d0ce1488b6b480dbd4b","4fee4d0ccafd6f02041def55","4fee4d0dcafd6f02041def78","4fee4d0e6b97ab0d4310494a","4fee4d0f121d470304138179","4fee4d10f949f90f43130405","4fee4d11e1488b6b480dbd6d","4fee4d12121d4703041381d0","4fee4e6c940f12a343102879","4fee4e6d41fbea332b0ae887","4fee4e6e7a4da88148159209","4fee4e6f71f090312b0cac4b","4fee4e703ba37271480e4a33","4fee4e71cafd6f02041ea6dc","4fee4e72091e26d34312ed7d","4fee4e73360b376f4815adea","4fee5f24aaf17dfe3b0cdf65","4fee5f2519fcdd257a12954e","4fee5f267a4da88148181df3","4fee5f27ecdb2afa3b0da09d","4fee5f283ba372714810e49d","4fee5f29765cf9d5431abf5f","4fee5f2a415f352a7a1a414e","4fee5f2bcafd6f0204228144","4fee60caecdb2afa3b0de235","4fee60cb36e8d73c2b144b07","4fee60ccb2475ffb3b0f6e71","4fee60cd19fcdd257a12c1f2","4fee60cee1488b6b4810f5e9","4fee60cf1477d4904812f261","4fee60d02a159dae4310e16e","4fee60d11a7bc9fc3b0b726b","4fee62ccdb9c0c196f0a0dd4","4fee62cd091e26d343168941","4fee62ce765cf9d5431b5e01","4fee62cf7406c22c7a1e3662","4fee62d02daa97146f13b0ac","4fee62d167f39b2f7a12376a","4fee62d2cf15cc05480eac1d","4fee62d32a159dae43111b08","4fee649f2a159dae43113d76","4fee64a0cf15cc05480ebd23","4fee64a1cbc3532e7a211e34","4fee64a23ae997fa0311a44f","4fee64a3227d121a6f112918","4fee64a3940f12a3431347f4","4fee64a4cf15cc05480ebd61","4fee64a5cafd6f0204239c75","4fee6662db5667ee43174dcd","4fee6663585c0f227a169b9e","4fee6664671ab132431b497d","4fee6665227d121a6f114c4f","4fee66664d9009ab4c0e319f","4fee66679c7866fa42109aeb","4fee6668f949f90f43177a9d","4fee6669671ab132431b49bf","4fee67a5ecdb2afa3b0e60c5","4fee67a63ba372714813ce50","4fee67a767f39b2f7a13016e","4fee67a8940f12a343139e56","4fee67a9765cf9d5431c47b0","4fee67aa8f809e06041ff522","4fee67ab19fcdd257a13d3ff","4fee67ac71f090312b0e0022","4feef2e86b97ab0d43271a19","4feef2e93ba37271482b1f2a","4feef2ea9c7866fa4225ebd4","4feef2ea3ae997fa031e5ca1","4feef2ebdb5667ee4331ae19","4feef2ec5a2b2008481dcfe9","4feef2ed2e1ebf77370ab030","4feef2ee360b376f4832638c","4feefae05ded96a71c096eed","4feefae0cf15cc05481f8dbd","4feefae12daa97146f20f843","4feefae2360b376f4833a4ce","4feefae3415f352a7a2bdca2","4feefae471f090312b17d05e","4feefae59c7866fa4227d1e1","4feefae51818c5a65606bf6f","4feefbbe765cf9d5433b22a3","4feefbbf87e2a2ff03192902","4feefbc058806d2c2b1ee3c8","4feefbc1415f352a7a2bed84","4feefbc25a2b2008481f2b9b","4feefbc2db5667ee43337284","4feefbc30b4ff3a328133b06","4feefbc41a7bc9fc3b146e7d","4feefdf82a159dae43298608","4feefdf9b94da5090427a41b","4feefdfa2a159dae43298630","4feefdfb360b376f48345687","4feefdfc5a2b2008481f7055","4feefdfd71f090312b183bd8","4feefdfd3692811f7a346858","4feefdffcafd6f02044ad22b","4feeffac3ae997fa031f4f1e","4feeffad2e1ebf77370bc435","4feeffae940f12a343273fd5","4feeffae3ba37271482d4cd9","4feeffaf9c7866fa422869b7","4feeffb0f949f90f4333b179","4feeffb11477d490482a5bcf","4feeffb27a4da88148342cd4","4fef0275db5667ee43356490","4fef02765a2b200848200ddf","4fef02772c442e04041f8d23","4fef02776b97ab0d43292027","4fef02789c7866fa4228c44b","4fef0279cf15cc0548205813","4fef027acf15cc0548205a55","4fef027b585c0f227a28dc14","4fef068ab94da5090428898f","4fef068a19fcdd257a24c0fd","4fef068b8f809e060435d5f7","4fef068cb94da509042889b4","4fef068df949f90f433521b4","4fef068ecf15cc0548210540","4fef068e415f352a7a2d4b23","4fef068f5ded96a71c0a9bec","4fef08fadb5667ee4336a7be","4fef08fb671ab1324336b1e8","4fef08fc5a2b20084820daec","4fef08fdf949f90f4335b718","4fef08fe3ba37271482eb99e","4fef08ff9c7866fa422a49e5","4fef08ff7a4da8814835d6cd","4fef0901e1488b6b482b4169","4fef18a136e8d73c2b23afcd","4fef18a2765cf9d543421b95","4fef18a236e8d73c2b23afd9","4fef18a458806d2c2b21bd4c","4fef18a4cafd6f0204519967","4fef18a536e8d73c2b23afff","4fef18a6cbc3532e7a3c82c0","4fef18a7db5667ee433a1ce2","4fef1d02121d4703042b6f6a","4fef1d027a4da881483c7e95","4fef1d032daa97146f255884","4fef1d041477d490482f36ec","4fef1d05f949f90f433a4289","4fef1d0541fbea332b1b34a3","4fef1d0636e8d73c2b2415f6","4fef1d0771f090312b1a9d24","4ff03cfecbc3532e7a6d7a53","4ff03cff2a159dae435b2c29","4ff03d00cee295013c3586fa","4ff03d0141fbea332b308ab7","4ff03d02e1488b6b48620775","4ff03d032daa97146f3cc006","4ff03d04765cf9d5437fcd65","4ff03d05e1488b6b4862109d","4ff07941db5667ee43883fc4","4ff079416b97ab0d436034c6","4ff079420b4ff3a328556662","4ff079d3db5667ee4388732e","4ff079d4b94da50904510924","4ff079d5940f12a3435be575","4ff079d67a4da881487b5dda","4ff079d871f090312b368103","4ff079d98f809e060470cef9","4ff079da71f090312b36811a","4ff079db1477d490486eb5a1","4ff07c12de61c252331075e9","4ff07c132c442e0404479b1d","4ff07c143692811f7a6d8bb3","4ff07c153692811f7a6d8bc3","4ff07c154eef7c0d044d4d70","4ff07c16940f12a3435c2ec0","4ff07c170b4ff3a32855b1c8","4ff07c1887e2a2ff0333b794","4ff07ed7cee295013c3a3b4f","4ff07ed83ecef1176f3fd44a","4ff07ed9940f12a3435ce4a1","4ff07eda2c442e040447e617","4ff07edb67f39b2f7a499b34","4ff07edccbc3532e7a76abcb","4ff07edd8f809e0604717d19","4ff07ede2c442e040447e64a","4ff087d6765cf9d543920cd0","4ff087d79c7866fa4262e3af","4ff087d82c442e040448db41","4ff087d919fcdd257a4ef1d1","4ff087daeeb2ae1f7e3bb817","4ff087dbdb5667ee438c97a4","4ff087dccee295013c3ae402","4ff087dddb5667ee438c97c5","4ff1f64837fae2254626880b","4ff1f6496004e1d0521d0ad4","4ff1f64bcfbea50d46215c64","4ff1f64c9b6b76440d22d977","4ff1f64e9bb077f326292d64","4ff1f64f9a1374545c115d4e","4ff1f6519b6b76440d22d9d2","4ff1f652cfbea50d46215d8e","4ff1f88153b900cf52227151","4ff1f88290c1bf274511e7e7","4ff1f883d359dadd522d9047","4ff1f8846b87f72a451337a8","4ff1f885e82fedd85222c42a","4ff1f88690c1bf274511e82f","4ff1f887c71a6347482d250f","4ff1f888401f086a131747de","4ff1f9277d3595450d21eda6","4ff1f92823fc47565c13906d","4ff1f92903d1f9460d294357","4ff1f92a530e062246268b3a","4ff1f92bab66ce44482afaa5","4ff1f92cb8337a4b0d20a582","4ff1f92dcc8256ca522871d6","4ff1f92e18e9b0d9321ef897","4ff1fa3a437599595c114db8","4ff1fa3bb8b51ed35233f8e9","4ff1fa3c03d1f9460d29ccd8","4ff1fa3d332a7a2945135389","4ff1fa3e9b6b76440d26c509","4ff1fa3ffe637f533a2c2737","4ff1fa4018f4175b3a24530e","4ff1fa41eeb560d1522a9d8a","4ff1fb314a7167540d2a9381","4ff1fb32b8337a4b0d21bfca","4ff1fb3318e9b0d932206690","4ff1fb3430e945483a2867f6","4ff1fb357d3595450d22c733","4ff1fb36290396c852266350","4ff1fb37ab66ce44482bd92c","4ff1fb38401f086a131b3445","4ff1fd5ec98168544e015e84","4ff1fd5fe82fedd852251156","4ff1fd5f6b87f72a4514cb91","4ff1fd609106cdd6522e7c02","4ff1fd61ab66ce44482ccc88","4ff1fd6253b900cf52302494","4ff1fd634a7167540d2b779a","4ff1fd64290396c852273378","4ff254fc25f9df4a3a471ca4","4ff254fdd4ae002c451daf3e","4ff254fe9bb077f32650e441","4ff254ffe82fedd85254a6cb","4ff25500d359dadd5260edc1","4ff25501167df5410d4cc76f","4ff25502cc8256ca524b74c2","4ff25503401f086a1343312f","4ff256f718f4175b3a50c711","4ff256f925f9df4a3a477cac","4ff3becc0800015d020c8d87","4ff3becdeeb560d152258ff1","4ff3beced4ae002c4579e81d","4ff3becfeeb560d152259024","4ff3bed0bc057f0a3a363772","4ff3bed132d2f43d4b3b773e","4ff3bed2980ecad47d0a99f3","4ff3bed34404412d4564c713","4ff3bff465866f62123083ee","4ff3bff5cc8256ca52f0ed5a","4ff3bff6d4d9a4bc3c4c5ccb","4ff3bff7d4d9a4bc3c4c5ce4","4ff3bff7530e062246dea375","4ff3bff8591c0dda52d41d94","4ff3bff90800015d020cef1b","4ff3bffaf8f2f07c0f35ef64","4ff3c023fe637f533a0d89fc","4ff3c0249ec03afc4a4b0b9c","4ff3c024332a7a29458f81c0","4ff3c025c71a6347481b5053","4ff3c026bd5500191a4069ba","4ff3c0274e4aee555c878431","4ff3c0289ec03afc4a4b0be5","4ff3c029f8f2f07c0f35f6cf","4ff40cbd18957f175f5146bd","4ff40cbee60cc3553a1e7088","4ff40cbf23fc47565c995cc4","4ff40cc09ec03afc4a846986","4ff40cc10800015d022d5834","4ff40cc26004e1d05206df71","4ff40cc2d0b1db1e6369a4ff","4ff40cc3fe637f533a2a1e6d","4ff40e82290396c852ce0088","4ff40e83fe637f533a2b3c25","4ff40e8418957f175f527cf7","4ff40e84d4ae002c4589a0c3","4ff40e85e60cc3553a1f19d3","4ff40e8618f4175b3a039731","4ff40e87bd5500191a5de00d","4ff40e88cc8256ca5208b7e6","4ff40ff8c98168544e209b77","4ff40ff885da1e6f6707e88f","4ff40ff9d4d9a4bc3c722739","4ff40ffac71a6347483d003b","4ff40ffb980ecad47d2a3b7e","4ff40ffc6004e1d0520b021c","4ff40ffcf48b5fd0304336e2","4ff40ffdd4d9a4bc3c7229d0","4ff410b18a4b45f648211481","4ff410b2c71a6347483d5f16","4ff410b3401f086a13eec971","4ff410b4f48b5fd0304380cb","4ff410b5debb554c3a0d9493","4ff410b67b318bd21c10e8fb","4ff410b6eeb560d1523fcf6e","4ff410b7bd5500191a5e8adf","4ff46bb441253c075a1a64f0","4ff46bb541253c075a1a650a","4ff46bb597a6411d1c0119de","4ff46bb6237981e6720a557d","4ff46bb76004e1d052527549","4ff46bb810d6067577205002","4ff46bb9debb554c3a3499b8","4ff46bb9bc057f0a3a862cba","4ff46d6a290396c852e49e56","4ff46d6a41253c075a1afe43","4ff46d6bb5ba03031003158b","4ff46d6cfe637f533a52df77","4ff46d6d237981e6720afbdb","4ff46d6e1a457347376d5682","4ff46d6fbc057f0a3a8696a5","4ff46d6f97a6411d1c022a8f","4ff46e5a332a7a2945c4e48d","4ff46e5b6004e1d0525457e6","4ff46e5c591c0dda52045931","4ff46e5dd4d9a4bc3ca172bd","4ff46e5d8a4b45f6485e9f84","4ff46e5e8a4b45f6485e9f9f","4ff46e5fbc057f0a3a86e464","4ff46e6090c1bf27459d890f","4ff46ede49b1cb5f103773cd","4ff46edf10d606757721bb53","4ff46ee0237981e6720bb468","4ff46ee1c71a63474876a976","4ff46ee17b318bd21c4ce51a","4ff46ee2c71a63474876a99a","4ff46ee3c71a63474876a9d4","4ff46ee4d4d9a4bc3ca186af","4ff46f6f401f086a131fdeb1","4ff46f7023c19d5f28061da5","4ff46f7118f4175b3a23d972","4ff46f72c98168544e519227","4ff46f7223c19d5f28061e08","4ff46f7318f4175b3a23d9c9","4ff46f7497a6411d1c02c78d","4ff46f756b87f72a45b5effd","4ff46ff8e60cc3553a5743b2","4ff46ff9655bce954940c904","4ff46ffa23c19d5f280650ee","4ff46ffacf577e24728ff9ed","4ff46ffcdebb554c3a35fe54","4ff46ffcb5ba03031004e5cf","4ff46ffdbd5500191a988b62","4ff46ffe401f086a131fee4a","4ff4710e4e4aee555cbd2a64","4ff47110655bce954941d778","4ff47111d4d9a4bc3ca20274","4ff471118a4b45f6485fa8bd","4ff47112237981e6720d27e9","4ff47113c98168544e5255f2","4ff471144e4aee555cbd2b01","4ff47115d4ae002c45a3cd63","4ff4b9f0c71a6347489c354c","4ff4bb5f380541482501826a","4ff4bb60bc057f0a3aa24def","4ff4bb61655bce95494dc59b","4ff4bb62eeb560d152a30bf8","4ff4bb63332a7a2945d566ae","4ff4bb6410d60675773d98ed","4ff4bb65980ecad47d6416ed","4ff4bb6695a8f3a6735438cd","4ff4bc35290396c852f25f24","4ff4bc3610d60675773dc027","4ff4bc3718e9b0d93218c82c","4ff4bc3897a6411d1c2b4574","4ff4bc3925f9df4a3a17b085","4ff4bc3acf577e2472b02201","4ff4bc3be60cc3553a710798","4ff4bc3c23c19d5f282d7715","4ff4c24723fc47565cc2a68b","4ff4cd828a4b45f6487c5021","4ff4cd83c98168544e7c8569","4ff4cd84c71a634748a3db32","4ff4cd8540fcbf3d6b0f7c19","4ff4cd85c98168544e7c85af","4ff4cd878de946934719709a","4ff4cd8718e9b0d9321c154d","4ff4cd880800015d027f97d8","4ff4cf5b7321f63e493ecbf2","4ff4cf5c0800015d027fd740","4ff4cf5e0800015d027fd77e","4ff4cf5f6004e1d0528be136","4ff4cf600800015d027fd7d6","4ff4cf61c71a634748a47fa3","4ff4cf62bc057f0a3aa723f9","4ff4cf631a457347378ca643","4ff4d22c245152777644f0c9","4ff4d22e591c0dda52310823","4ff4d22fd0b1db1e63b8f6ee","4ff4d230d0b1db1e63b8f6fc","4ff4d23140fcbf3d6b11f476","4ff4d232437599595cc418fe","4ff4d233591c0dda5231093d","4ff4d234cf577e2472b79b50","4ff4d3af2f2d50ba60008a62","4ff4d3b0980ecad47d67442a","4ff4d3b110d6067577436e2c","4ff4d3b249b1cb5f10619708","4ff4d3b323fc47565cc5b956","4ff4d3b4bf42db525c9f351f","4ff4d3b5d4ae002c45b2d028","4ff4d3b6fe637f533a6c27dc","4ff4d4794e4aee555ccdf822","4ff4d47ac71a634748a651ca","4ff4d47c24515277764568e2","4ff4d47d8a4b45f6487f061d","4ff4d47e591c0dda5231c8fe","4ff4d47f591c0dda5231c9ee","4ff4d480bc057f0a3aa83b18","4ff4d481380541482509bdb0","4ff5a79e10d606757796cb7f","4ff5a7a0d0b1db1e6331fe1e","4ff5a7a2655bce9549827aec","4ff5a7a4616d6b244b405e0c","4ff5a7a64404412d45cfc110","4ff5a7a9e75c29032a0ee72e","4ff5a7abcf577e247218b614","4ff5a7aed6fb4b394c4c5323","4ff5a8c3af029dd254170305","4ff5a8c558996bf10b659fc5","4ff5a8c74404412d45d0109b","4ff5a8c9d0b1db1e6332e7e0","4ff5a8cbaf029dd2541704e4","4ff5a8cdbc057f0a3af1168a","4ff5a8d018e9b0d9325295cf","4ff5a8d37321f63e498327ce","4ff5ae3fb5ba0303108daeaa","4ff5ae40b5ba0303108daf17","4ff5ae411a45734737df8f02","4ff5ae424e4aee555c02ddff","4ff5ae4332d2f43d4b0914b6","4ff5ae45fbc312a54860efdf","4ff5ae4641253c075acbee14","4ff5ae470b9525073229f34a","4ff5afa9fe637f533ac1d3be","4ff5afaa10d60675779e80fd","4ff5afabc71a63474815da42","4ff5afac437599595cf391de","4ff5afad18e9b0d9325640bf","4ff5afae32d2f43d4b0a063f","4ff5afaf1a45734737e2d8f2","4ff5afb0d0b1db1e6338c3eb","4ff5b021c71a63474815fe53","4ff5b022bf42db525cd175f8","4ff5b02340fcbf3d6b8ab1fd","4ff5b025bf42db525cd1762d","4ff5b026616d6b244b4a1277","4ff5b027b5ba0303108e7263","4ff5b028d6fb4b394c53b02b","4ff5b029bf42db525cd176a8","4ff5b0e849b1cb5f10dc340c","4ff5b0e9d4d9a4bc3c10b070","4ff5b0ea40fcbf3d6b8b5b51","4ff5b0eb4404412d45d43b95","4ff5b0ed0b952507322b4e9d","4ff5b0ee8a4b45f648d7c8a1","4ff5b0efd0b1db1e633a30d5","4ff5b0f0655bce954987d2a0","4ff5b194debb554c3a96e68b","4ff5b1955ea70713251b5d45","4ff5b1cf18f4175b3a8b7c9c","4ff5b28e49b1cb5f10dd2796","4ff5b28f1a45734737e5c390","4ff5b290bc057f0a3af7b070","4ff5b291d4d9a4bc3c123e9e","4ff5b2932f2d50ba609a0826","4ff5b294fe637f533ac546b9","4ff5b2958a4b45f648d8ccc5","4ff5b2960800015d02e23887","4ff5b322616d6b244b4d31d4","4ff5b3232f2d50ba609aa2e8","4ff5b324e75c29032a1a77a5","4ff5b3250b952507322c0e77","4ff5b32695a8f3a673c8b607","4ff5b32758996bf10b6b74e7","4ff5b328cf577e247222b877","4ff5b32932d2f43d4b0c27f3","4ff5b42dbd5500191a4129ff","4ff5b42f8522cf857a450c98","4ff5b43058996bf10b6bdcee","4ff5b43118f4175b3a8d4a83","4ff5b432c71a634748185461","4ff5b43341253c075ad05ef3","4ff5b4344e4aee555c0532e2","4ff5b436d4d9a4bc3c137c19","4ff9d7c7d0b1db1e63925054","4ff9e33b3248ba9335025d6d","4ff9e33c41253c075a290518","4ff9e33cd6fb4b394c9d3f36","4ff9e33d6b994d9e3c50d8d1","4ff9e33ed9b1c1436f8d1b32","4ff9e33f0db302b67e01bee6","4ff9e340b87f9e8902018c88","4ff9e34110d6067577e199b6","4ff9e3c3d7bf6dc1437147e2","4ff9e3c4ff4e221e162fbe58","4ff9e3c5fb7356b94479300c","4ff9e3c651c203cf6a327ebe","4ff9e3c7b87f9e890202060c","4ff9e3c85c7c7b0a30eaf71e","4ff9e3c92ddcec2b4e5073b6","4ff9e3ca9fb47ddb442a5c76","4ff9e45d62874d47283e43f4","4ff9e45eb87f9e8902021a2a","4ff9e45f112a79080d308a9c","4ff9e46010d6067577e1e00c","4ff9e46051c203cf6a329f78","4ff9e461675d066b0f5ec886","4ff9e4629826a9fe6662a499","4ff9e463411585be32d9021d","4ff9e4b4ff4e221e16301a02","4ff9e4b53248ba933502be98","4ff9e4b59826a9fe6662e8dc","4ff9e4b6ff4e221e16301ac6","4ff9e4b7ff4e221e16301ae0","4ff9e4b8112a79080d30935e","4ff9e4b9ff4e221e16301b2a","4ff9e4ba6b994d9e3c50faf2","4ffa3fc1b87f9e8902268cac","4ffa3fc25fa554c0431e050a","4ffa3fc3ff4e221e1652a3de","4ffa3fc49fb47ddb444425d6","4ffa3fc5344e1c1d1269efe1","4ffa3fc60800015d02822917","4ffa3fc75eba8e951a73038f","4ffa3fc83248ba9335220c80","4ffa3fc95c7c7b0a3005894e","4ffa3fca5fa554c0431e071e","4ffa3fcb9fb47ddb444426ad","4ffa3fcc0800015d028229c9","4ffa3fcc0800015d028229f5","4ffa3fce2ddcec2b4e695b93","4ffa3fcf2baf1b1c1b3483ff","4ffa3fcfd7bf6dc1438b7b05","4ffa41d84382a2512d1e5bd9","4ffa41d93248ba933522c0d0","4ffa41d9d0b1db1e63b7934e","4ffa41da9fb47ddb4444a77a","4ffa41db7321f63e496c8529","4ffa41dcb87f9e8902285cd1","4ffa41dd2ddcec2b4e6ad610","4ffa41de7321f63e496c8586","4ffa46fad0b1db1e63ba5dba","4ffa46fb3248ba933525129d","4ffa46fc112a79080d471a6a","4ffa46fd76372e2620842e82","4ffa46fed7bf6dc1438deea3","4ffa46ff9fb47ddb4445f06b","4ffa47000db302b67e2572b3","4ffa470156462cf867ad9058","4ffa4715d9b1c1436fa54d5d","4ffa47160db302b67e258083","4ffa4717d7bf6dc1438df57d","4ffa4718fb7356b9449f9f92","4ffa47195c7c7b0a30091762","4ffa471ad7bf6dc1438df9e9","4ffa471bd9b1c1436fa54ddc","4ffa471c0db302b67e258334","4ffa480ed6fb4b394cb12b92","4ffa480f00d67b4f09988cb4","4ffa4810d6fb4b394cb12bd0","4ffa48115eba8e951a753613","4ffa481228dcaa54232c8ef8","4ffa481310d6067577047492","4ffa481425f9df4a3a1f9e41","4ffa4815bf42db525c7ade1a","4ffa4c5ce75c29032a88ea31","4ffa504225f9df4a3a229c71","4ffac6fcff4e221e169ba37c","4ffad91ad6fb4b394cf59db5","50074cb19134a5676072bb08","50074cb3e42d6c182927e681","500f4bdee35fa515174d7dc2","500f4bdf41a791c15102caf2","500fbc409099c13413081f52","504405a65dee1f08760656f1"],"idBoardsInvited":["4f615b946dfee5254c33ceb9","50480623e4885e30695797a6","50480624e2f393ea1b1823ab","504806251c7d6da5672b8700","5048072553fa834c0428ae58","50480726dd9c7638693d95dd","50480727cf65e64a1327667f","504808401d55a652043e7a67","5048084164fcbdaa5443e9ba","5048084211a31b3d13381ecc","50480877efc683da1b2feeef","50480878e60a0144135382ca","504808791c7d6da5672db27c","50480db98239ac461322bcce","50480dba26c04f5004401f38","50480dbb5cf1502669386e16","5048cda51c7d6da567df5f88","5048cda6713c89271ac24745","5048cda6bcf4c844048e36e2","5048d32951ade2ac54c16906","5048d32ae854d0e21ba13875","5048d32b1d55a65204d1b009","5048f8c31c0858993c4bd52f","5048f8c3046e7d4604ae49bc","5048f8c45cf1502669b6d0aa","5048f8f5e60a01441324aaec","5048f8f664fcbdaa5405a976","5048f8f79de40ca832ca9f43","5048fb8f50849e151f16c71d","5048fb90969acfae65258bd9","5048fb919de40ca832cc4a6d","5048fd051b8f34932d22a995","5048fd069de40ca832cd5305","5048fd07bb12b4e91bf62393","5048fd981d55a65204efb120","5048fd9926c04f500402c890","5048fd9af98d93dd1b8181de","5048fed9d6ea88f51fea8625","5048fedabcf4c84404ad80cf","5048fedb1b8f34932d265e7d","5048ff71aadf7f9e5413e341","5048ff72b3d55c28233033b3","5048ff72969acfae65293fda","5048fffc8d93dcbd4d7226bf","5048fffddd9c763869010fee","5048fffe733b94de1b2c0a5d","504900fce60a0144132b4bcf","504900fdaadf7f9e5415ae6f","504900feeb7286d624718808","50490190b3d55c282332801b","50490191e60a0144132bae02","50490192969acfae652afc22","5049024a50849e151f1e3f83","5049024a5cf1502669bb5ada","5049024b1b8f34932d298313","5049035526c04f500406acc9","50490356aef6864e13b0042f","504903578bd5db421381fd80","504903c4cff366a654b84ffc","504903c5fde5a94804a407c2","504903c6fef1d3c60972db7c","504905bad6ea88f51ff1a413","504905bbe4885e30691c9be4","504905bccce9ff3269968128","5049062bd6ea88f51ff2001e","5049062cb8406e50133f1ac3","5049062d9de40ca832d56ee2","5049074ae798761135de3e92","5049074b26c04f50040ad7eb","5049074c8239ac461380aa38","504914e351ade2ac54e6be03","504914e4f98d93dd1b87a6c3","504914e551ade2ac54e6c06e","504915316684ee795b077484","5049153296b4974813bc5650","5049153310fb372969dc6e9c","504915b410fb372969dc84f2","504915b41d55a65204fc3eba","504915b56684ee795b07befc","5049165d64fcbdaa54167136","5049165f96b4974813bc8302","5049165f50849e151f306ce0","5049179251ade2ac54e8258d","50491793e798761135ed8d67","50491794b8406e50135077af","504917dc8bd5db421387cd30","504917dd9b698da8547f180f","504917defef1d3c609865726","50491a4c713c89271a00a3e4","50491a4cb96871a83a0b53bd","50491a4d6684ee795b0bb0ba","50491a8ead53494d1d26a200","50491a8fe4885e30692c3b2b","50491a909d4e002a6974192f","50491aed8bd5db421388260d","50491aeee60a0144133ebb13","50491aefbb12b4e91b0eb9a0","50491ec0ad53494d1d29f07b","50491ec09e74389a2ccd7ade","50491ec1fef1d3c609918902","5049202b1c7d6da5671ceadd","5049202c50849e151f382f8e","5049202daef6864e13bca5b1","5049260d10fb372969e597ad","5049260e1b8f34932d45ffb6","5049260f7e238b5404cb7950","50492aed4ab5d246602bccdf","50492aeeeb7286d6248ff9da","50492aef0b8690ec1b23ca9c","50492b86fef1d3c6099b436a","50492b8796b4974813c22250","50492b88cce9ff3269a34407","50492f824ab5d246602e6391","50492f82d6ea88f51f1af52d","50492f83fef1d3c6099e4f21","50492fbb35d96b56353ab56d","50492fbc77debc52134b02ff","50492fbd969acfae6555c52c","504931cbe79876113502a113","504931cb7d668f697d19705a","504931ccfef1d3c6099fed72","504932444ab5d246602f394a","50493245aadf7f9e542bd507","50493246bb12b4e91b1c98cb","5049327535d96b56353c2cd5","50493275d6ea88f51f1d4d87","504932760b8690ec1b284e1f","50493438fef1d3c609a18c81","50493439b96871a83a186e3f","5049343ab8406e501362433c","50493540e7987611350ae56d","504935411c0858993c7781e6","5049354150849e151f4af251","504935e050849e151f4b1a35","504935e1fde5a94804b57096","504935e2b96871a83a19b26f","504936fa8d93dcbd4d9ee2ef","504936fb6684ee795b24108c","504936fca3730b4a047b6f08","504937644ab5d2466032ad4a","504937656684ee795b243d73","5049376664fcbdaa54270692","5049384afecd180155829068","5049384beb7286d62497bfb8","5049384e51ade2ac54f3723a","50493920e60a0144134f4f5c","5049392011a31b3d13e9b5e7","504939216684ee795b24ad2e","504939caad53494d1d3ab896","504939cbe60a0144134f99d2","504939cc11a31b3d13e9cd95","50493b35db713cb054a80e83","50493b36ad53494d1d3b3caf","50493b376684ee795b2539b1","50493b631c7d6da567284ef1","50493b64fecd18015584568b","50493b65eb7286d62498f929","50493bda733b94de1b513f39","50493bdbf4b15c9b54bea549","50493bdc26c04f500426fcf1","50493cad9de40ca832f96c16","50493cae77debc5213531bbd","50493cafe3ab6c2e5d1dfbc9","50493d35e854d0e21bde6a9e","50493d369de40ca832f9acf4","50493d37cce9ff3269a765b6","50493f136684ee795b26c2ac","50493f14046e7d4604d2bd89","50493f141d55a652041250de","50493fa7ad53494d1d3cca7e","50493fa7db713cb054a8cfbe","50493fa89de40ca832fbcec6","504ea1e0caeff1a51a30cbb8","504ea1e1fb2780d96085afa4","504ea1e2a164c0c42d5bd03e","504ea2108e0f81865611da55","504ea211e0ddf7e54c7c57e7","504ea2121900272e2c50f0fc","504eb80502fa488c563e9871","504eb8069d0fda7a56a72267","504eb807a164c0c42d6a5cc7","504ebb02eedca1b12d56e70b","504ebb0365194f7756c1200c","504ebb04a9b94dd32ee6b533","504ebb3b9640f1196d66ac36","504ebb3c99b2127856e1bbd5","504ebb3d942486362c251bde","504ebb760674ce811a1b8058","504ebb77a3e428f8577822d0","504ebb78afcada8b5b7e166b","504ebbb00f2f4b91384b88bd","504ebbb0b6c516b9520e03f1","504ebbb19d0fda7a56a87cf7","504ebbf0ee6286b550ad2f88","504ebbf14c8977ce4a788149","504ebbf2d7a6e603517f2ef2","504ebc7c8baf0a63779c7729","504ebc7da164c0c42d6d0d3d","504ebc7e2b34271b6dffebd9","504ebd5a7b5afab552febe2b","504ebd5b4c8977ce4a7924b0","504ebd5c65194f7756c1d47d","504ecf4dbbf7367265b08943","504ecf4f978bffb70f9b7a75","504ecf52942486362c2a3305","5052843ec58252021f28ae4e","5052843f9eec2bf433518038","50528440e893b28e4919818e","5052897c0d487b3a0e3dc7fb","5052897d564711b2047ec3e4","5052897ed318d1003479641c"],"idBoardsPinned":["4fc80c5742d5291c3fc4b5fd","4fc80ccb49e99e82635f54d3","4fc80ccc9888d25d635857d0","4fc80ccd1b9ecf0c35b78013","4fc80cce1b9ecf0c35b7804b","4fc80ccf49e99e82635f5534","4fc80cd0a5adfa6c03409abc","4fc80cd127a931125f5d08ff","4fc80cd2578636997b5ed65c","4fc80cfd46077dee73422f1d","4fc80cfe42d5291c3fc4ede1","4fc80cff2db344bd492c3f95","4fc80d0042d5291c3fc4ee1d","4fc80d019888d25d63585d15","4fc80d0227a931125f5d0fca","4fc80d037dc247620340f0b4","4fc80d04871c55fc5f5c8623","4fc810404065d15334d3960c","4fc810417dc2476203430c90","4fc810439a97a0320ec48f6e","4fc81043578636997b60a364","4fc810446634e85570a0a44e","4fc810452db344bd492d275a","4fc81046c87347ad18c2e139","4fc81047871c55fc5f5f7e7d","4fc811cc16a101ef6595c557","4fc811cd871c55fc5f60518f","4fc811ce16a101ef6595c597","4fc811cf4325f20e5bcf7fa6","4fc811d042d5291c3fc6a99e","4fc811d07dc247620343cc47","4fc811d116a101ef6595c643","4fc811d2a302e6a77077a7bc","4fc81202a5adf3fe2075f159","4fc812030e7b4d7132282bf6","4fc8120420dfdcad5bdac0da","4fc812051e8ed05210772679","4fc812061b9ecf0c35b99ceb","4fc812072db344bd492dcfcd","4fc8120851c6ed0b287d8786","4fc812093d9c9a4d72859453","4fc8129ee2cdc4dd7b465447","4fc8129f3c529788379ce928","4fc812a01b9ecf0c35b9efd4","4fc812a19888d25d6359cc56","4fc812a227a931125f5f7f6e","4fc812a3e2cdc4dd7b4654c3","4fc812a47dc24762034423ce","4fc812a52db344bd492dfe2a","4fc816b32db344bd492f4453","4fc816b44065d15334d6ff1a","4fc816b5578636997b63219f","4fc816b60e7b4d71322a70dc","4fc816b727a931125f609736","4fc816b87dc247620345edf3","4fc816b93d9c9a4d728713e1","4fc816b94325f20e5bd071c0","4fc817071b9ecf0c35bbe093","4fc817084325f20e5bd09343","4fc81709e2cdc4dd7b476b91","4fc8170a51c6ed0b287f9a6b","4fc8170b0e7b4d71322a8a0e","4fc8170ce2cdc4dd7b476c02","4fc8170d1b9ecf0c35bbe24b","4fc8170e27a931125f60b75f","4fc819b920dfdcad5bdd2241","4fc819ba3d9c9a4d7287ffa6","4fc819bb51c6ed0b2880704f","4fc819bc1b9ecf0c35bcc99c","4fc819bd4065d15334d88a52","4fc819be51c6ed0b288070d5","4fc819be4065d15334d88a97","4fc819bf4325f20e5bd11d9f","4fc822ee9a97a0320eca6c9a","4fc822efc87347ad18c863e7","4fc822f020dfdcad5bdf9dd9","4fc822f1f94610bf68808585","4fc822f2a5adfa6c03504edf","4fc822f3f7eee79203814bac","4fc822f41b9ecf0c35c058fc","4fc822f5c87347ad18c864b2","4fc8b6faf7eee79203d6c4b1","4fc8b6fbc87347ad18179784","4fc8b6fb502add9110100ebf","4fc8b6fc4aa1a27549188499","4fc8b6fd0e7b4d71329ea270","4fc8b6fe7dc2476203c82bf4","4fc8b6fe4aa1a275491884df","4fc8b6ffa302e6a770b24032","4fc8c8011b9ecf0c35367913","4fc8c8321b9ecf0c35369a32","4fc8c8336634e85570e32e02","4fc8c8343c529788370b9637","4fc8c835871c55fc5fed17c5","4fc8c8366634e85570e3300e","4fc8c837a302e6a770bc0c55","4fc8c83838b1028f54ecc0f4","4fc8c83a4aa1a27549346a32","4fc8c986a5adf3fe20e5e7b7","4fc8c98776d290e539cca29d","4fc8c9889888d25d639f74e4","4fc8c98ac87347ad1822ac4c","4fc8c98b42d5291c3f3fcbf0","4fc8c98cf94610bf68ee9d58","4fc8c98d4065d15334444770","4fc8c98e38b1028f54ed8339","4fc8cb1727a931125fd28f62","4fc8cb63f33bb328051a77e8","4fc8cb651e8ed05210e60e0c","4fc8cb9749e99e8263a91908","4fc8cb983c529788370da52f","4fc8cb993c529788370da54f","4fc8cb9bc87347ad1823fe4e","4fc8cb9c1e8ed05210e61b89","4fc8cb9da5adf3fe20e793b0","4fc8cb9df7eee79203e5616d","4fc8cb9f38b1028f54ee905d","4fc8cbcf871c55fc5ff034e1","4fc8cbd049e99e8263a93d10","4fc8cbd151c6ed0b28f6931a","4fc8cbd2a885233f4be7f50e","4fc8cbd24325f20e5b3b027a","4fc8cbd30e7b4d7132af83e4","4fc8cbd442d5291c3f41c1b6","4fc8cbd53d9c9a4d72f5e73b","4fc8cc3276d290e539cdb537","4fc8cc33a5adf3fe20e7c63e","4fc8cc8649e99e8263a9aeb0","4fc8cc998e12d2683ccd3399","4fc8cc9a4065d1533445a65e","4fc8cc9c49e99e8263a9b478","4fc8cc9d9888d25d63a33759","4fc8cc9e1e8ed05210e6efd1","4fc8cca09888d25d63a337dd","4fc8cca11b9ecf0c3539836b","4fc8cca24065d1533445a7e5","4fc8cdf9a5adf3fe20eac14d","4fc8ce12054e396f04979894","4fc8ce579888d25d63a3d5fc","4fc8d0541b9ecf0c3543c00a","4fc8d057fde173c63727f65d","4fc8d058578636997bd7cee8","4fc8d05afde173c63727f6c4","4fc8d05ba5adf3fe20ed27a6","4fc8d05c0e7b4d7132b21692","4fc8d05e1e8ed05210e867a5","4fc8d05f3c52978837124b4d","4fc8d099fde173c637280a74","4fc8d09af7eee79203e75b6d","4fc8d09b4aa1a275493bd2a5","4fc8d09d054e396f0499abc3","4fc8d09f2db344bd49b7ccdb","4fc8d0a049e99e8263ae92c6","4fc8d0a17dc2476203ddbf42","4fc8d0a34aa1a275493bdbbc","4fc8d10149e99e8263aedcec","4fc8d133a5adf3fe20eda2e5","4fc8d438f33bb32805257e42","4fc8d45c51c6ed0b28fce4d4","4fc8d45d578636997bda0e25","4fc8d45e4065d153344b1dcb","4fc8d45f4aa1a275493f6187","4fc8d45ff94610bf68f647f2","4fc8d460a5adf3fe20ef4575","4fc8d4617dc2476203e04325","4fc8d4623d9c9a4d72fade53","4fc8d4c451c6ed0b28fd2ba3","4fc8d4c549e99e8263b1b6f0","4fc8d4c6a885233f4bed64f0","4fc8d4c76634e85570e7b761","4fc8d4c749e99e8263b1b84c","4fc8d4c820dfdcad5b5c86c0","4fc8d4c93c52978837156cd1","4fc8d4caf33bb3280525be97","4fc8d4e020dfdcad5b5c90aa","4fc8d4e049e99e8263b1c844","4fc8d4e17dc2476203e07544","4fc8d4e29a97a0320e1dfbe2","4fc8d4e251c6ed0b28fd38d1","4fc8d4e3f94610bf68f7287b","4fc8d4e42db344bd49bb509d","4fc8d4e527a931125fd8d1a1","4fc8d5069888d25d63a61e08","4fc8d5076634e85570e7fa0b","4fc8d5089888d25d63a61e2b","4fc8d508578636997bdb0032","4fc8d5097dc2476203e08701","4fc8d50a16a101ef65f05b0e","4fc8d50ba885233f4bed7d83","4fc8d50c27a931125fd8f031","4fc8d546f94610bf68f75f20","4fc8d547578636997bdb25c3","4fc8d5483c5297883715b138","4fc8d54820dfdcad5b5cf6e9","4fc8d5492db344bd49bb9bce","4fc8d54a4aa1a275493ff652","4fc8d54b1b9ecf0c355e0bf4","4fc8d54ca885233f4bed9037","4fc8d5761e8ed05210ec9486","4fc8d5776634e85570e84529","4fc8d5788e12d2683cd09f7c","4fc8d578ea3859b01c02dd4e","4fc8d5ab3d9c9a4d72fb9701","4fc8d5ac054e396f049f159e","4fc8d5ad3c5297883715dfc1","4fc8d5ae0e7b4d7132b8dedb","4fc8d5afa5adf3fe20f05d40","4fc8d5b03c5297883715e070","4fc8d5b1ea3859b01c032346","4fc8d5b276d290e539d2bd3c","4fc8d5e4a885233f4bedd4fd","4fc8d5e54aa1a2754940cf09","4fc8d5e64aa1a2754940cf25","4fc8d5e72db344bd49bbf601","4fc8d5e776d290e539d2dc85","4fc8d5e84065d153344c8e1b","4fc8d5e98e12d2683cd0b8b8","4fc8d5ea054e396f049f6209","4fc8d7bc871c55fc5ffce5ff","4fc8d7bd4aa1a2754941d4bc","4fc8d7be20dfdcad5b5e56f1","4fc8d7bf1e8ed05210ee22e4","4fc8d7bff94610bf68f914cd","4fc8d7c0054e396f04a15473","4fc8d7c142d5291c3f4c0ae0","4fc8d7c24065d153344dc9b6","4fc8d9f5a302e6a770c5dd31","4fc8d9f6054e396f04a3632a","4fc8d9f627a931125fdbe723","4fc8d9f742d5291c3f4d82f0","4fc8d9f8a5adf3fe20f34104","4fc8d9f94aa1a275494367d3","4fc8d9faa885233f4bef6dd9","4fc8d9fa20dfdcad5b5fdee9","4fc8da88fde173c63730ab73","4fc8da892db344bd49c0023a","4fc8da8a7dc2476203e3d080","4fc8da8b49e99e8263b69a2b","4fc8da8c4065d153344ef95c","4fc8da8cfde173c63730ac29","4fc8da8d578636997bdeee81","4fc8da8eea3859b01c067e79","4fc8db4c76d290e539d6457d","4fc8db4d2db344bd49c04ae2","4fc8db4e27a931125fdca4ec","4fc8db4e023aed1610f8884c","4fc8db4f27a931125fdca52f","4fc8db50a885233f4bf02213","4fc8db519a97a0320e228bde","4fc8db5138b1028f54f74047","4fc8dc112db344bd49c09fd1","4fc8dc12871c55fc5ffff6fb","4fc8dc129888d25d63a93a57","4fc8dc13f33bb328052ae897","4fc8dc14a302e6a770c68e2f","4fc8dc152db344bd49c0a0e9","4fc8dc15a5adf3fe20f48f92","4fc8dc164aa1a2754944f573","4fc8de8c9a97a0320e24df1e","4fc8de8d16a101ef65f52913","4fc8de8dea3859b01c0adc23","4fc8de8e30360dde2b00ae1f","4fc8de8f1b9ecf0c3572176d","4fc8de9016a101ef65f529f2","4fc8de901e8ed05210f1c2a1","4fc8de91023aed1610faff3b","4fc8e3fd6634e85570ed6500","4fc8e3fe871c55fc5f07f1da","4fc8e3ffea3859b01c0fa0d0","4fc8e4004aa1a275494cd433","4fc8e4019888d25d63add3ff","4fc8e40230360dde2b0a7dd4","4fc8e403f7eee79203f0d5d7","4fc8e404578636997be3b9af","4fc8e4c1502add91102d260b","4fc8e4c21e8ed05210fb25a7","4fc8e4c23d9c9a4d7203c55e","4fc8e4c316a101ef65f95fa1","4fc8e4c43d9c9a4d7203c59a","4fc8e4c530360dde2b0c5617","4fc8e4c6f7eee79203f1151f","4fc8e4c7023aed1610fe1d44","4fc8ea743d9c9a4d72069067","4fc8ea7516a101ef65fc259b","4fc8ea76023aed161000d571","4fc8ea77fde173c6373a4462","4fc8ea7771aa3dfd5c01238d","4fc8ea7842d5291c3f56ff33","4fc8ea799a97a0320e2f0543","4fc8ea7aa302e6a770cbf43d","4fc8ecbda885233f4bfa52e0","4fc8ecbe27a931125fe5f693","4fc8ecbfa5adf3fe20006469","4fc8ecc0502add9110310921","4fc8ecc0fde173c6373ba8db","4fc8ecc1f7eee79203f56b11","4fc8ecc227a931125fe5f6f1","4fc8ecc351c6ed0b280a9272","4fc8ed8c502add9110314518","4fc8ed8d7dc2476203ef3b61","4fc8ed8e76d290e539deee7c","4fc8ed8f9a97a0320e31352b","4fc8ed8f76d290e539def0e0","4fc8ed9151c6ed0b280ad5e8","4fc8ed9271aa3dfd5c0285c2","4fc8ed924aa1a2754954cd27","4fc8ef8b36cb24cb410b8bea","4fc8ef8c1e8ed05210008fe8","4fc8ef8d36cb24cb410b8e3b","4fc8ef8e0a7e55820201c750","4fc8ef8f36cb24cb410b8e9d","4fc8ef901b9ecf0c35793938","4fc8ef9030360dde2b18be9e","4fc8ef91fde173c6373cb173","4fe3571573656e533707a723","4fe35716fd545f491001aec0","4fe357176fa8d5db54020505","4fe35718fd545f491001aed1","4fe357190bc4c2736504fd2c","4fe3571a618bf76c65042f42","4fe3571baa15306637039fbd","4fe3571c2466f9583703889f","4fe4924c90c7e6d867229005","4fe6d918745f6db5664c9d96","4fe6d91969c626015530f0e8","4fe6d91a8e0b1b485013153d","4fe6d91a24e8cb606036e5f4","4fe6d91be678c60c603efb5b","4fe6d91c58484c324135716e","4fe6d91d880cda8e1e746aee","4fe6d91de5a5b15c4f5814aa","4fe6e540c1ad019f1e470feb","4fe6e541d31bebcc4849f539","4fe6e54246de9f9b2f2c8dff","4fe6e543c6992ed84039988a","4fe6e5440b4840365c15fbab","4fe6e544d13a23045521f356","4fe6e545ab29a9e319035462","4fe6e5462099b39d1e2d907e","4fe6e65f8e0b1b485014b101","4fe6e8a4e678c60c60408f4d","4fe6e8cba0a2d100552a6e5d","4fe6e94f26d709bf666d9921","4fe707e972fb60941ea40b58","4fe7083358484c32413a060f","4fe70833e042c3961e6d4032","4fe70834a0a2d100552baae3","4fe7083558484c32413a0655","4fe70836b7e283b9666b82b4","4fe708372099b39d1e2f698f","4fe7083726d709bf667cb776","4fe70838513efab16641620c","4fe708392453b0ac6632e6a7","4fe7905a103df7594f458a4b","4fe7905be5a5b15c4f6701ec","4fe7905b0b4840365c210fb6","4fe7905c513efab1664d831b","4fe7905d6c927cbe450f64df","4fe7905fc6992ed8405e1660","4fe79060b7e283b966838c1f","4fe79061e042c3961e879f8d","4fe7a83bf3a8a5065526298c","4fe7a83c04b011b7272e63ec","4fe7a83dc1ad019f1e599dce","4fe7a83e04b011b7272e63f7","4fe7a83f04b011b7272e6403","4fe7a8402099b39d1e3a0097","4fe7a8418e0b1b4850353753","4fe7a842cf8c424368430219","4fe7abc6c1ad019f1e5a0644","4fe7abc70de634564f300c10","4fe7abc8c6992ed8406220d8","4fe7abc95388e88f54226fc9","4fe7abca5388e88f54226fdb","4fe7abcb24e8cb60605859a3","4fe7abcc04b011b7272f439e","4fe7abcda557f5534f4aa913","4fe7ac63f9ee55a9663b284b","4fe7ac654bd40bbc66497fb3","4fe7ac66880cda8e1e9713a7","4fe7ac676c927cbe451463c7","4fe7ac68e9f717aa666b716b","4fe7ac6946de9f9b2f3bec88","4fe7ac6ac6992ed840623966","4fe7ac6bf9ee55a9663b28a0","4fe7ad4c24e8cb6060588da8","4fe7ad4d6c927cbe45147fb0","4fe7ad4e58484c32414ff8da","4fe7ad4fcf8c424368441c9e","4fe7ad5072fb60941ec95256","4fe7ad51513efab1664ffd66","4fe7ad52e678c60c605b591a","4fe7ad53345b178c1e4e6b6d","4fe7adfd04b011b7272ff1f0","4fe7adfe2099b39d1e3a3e55","4fe7adff24e8cb606058b599","4fe7adff78fc5f035540a327","4fe7ae00f9ee55a9663b4536","4fe7ae01b7e283b966887a63","4fe7ae0242a7237267225323","4fe7ae030de634564f304dad","4fe7ae465388e88f54230471","4fe7ae472099b39d1e3a42a3","4fe7ae48345b178c1e4e7185","4fe7ae49b7e283b966887e72","4fe7ae49513efab166500dc6","4fe7ae4bd31bebcc485fc84f","4fe7ae4c784cfe351149f5c1","4fe7ae4cc56570256a57f7e7","4fe7ae87880cda8e1e978c58","4fe7ae8724e8cb606058c0b0","4fe7ae888e0b1b485037f424","4fe7ae89c56570256a57fa8c","4fe7ae8a5388e88f54230cb1","4fe7ae8b58484c32415027c2","4fe7ae8c46de9f9b2f3c3083","4fe7ae8d31b5a2a7242f5236","4fe7aef424e8cb606058c9de","4fe7aef50b4840365c23948f","4fe7aef6345b178c1e4e81af","4fe7aef75388e88f542318a8","4fe7aef81440d09c1e9833de","4fe7aef9880cda8e1e97ab4e","4fe7aefa46de9f9b2f3c3ebe","4fe7aefa880cda8e1e97ab6c","4fe7af3c6c927cbe4515219f","4fe7af3de678c60c605bb4da","4fe7af3e04b011b727307cb7","4fe7af3ffaf71ba42429a997","4fe7af404bd40bbc664a05c8","4fe7af4178fc5f035541d293","4fe7af423302a2b7663fb439","4fe7af43e042c3961e8fb5e7","4fe7afd2cf8c4243684468ce","4fe7afd3784cfe35114a6a85","4fe7afd424e8cb606058e179","4fe7afd5e5a5b15c4f699e29","4fe7afd61440d09c1e99417a","4fe7afd6c1ad019f1e5a6c2a","4fe7afd78e0b1b4850386541","4fe7afd83c179c991e3f18a0","4fe7b00a345b178c1e4e92be","4fe7b00b4bd40bbc664a1ee5","4fe7b00cc6992ed8406299d7","4fe7b00d4bd40bbc664a1ef0","4fe7b00e8e0b1b4850387c70","4fe7b00e24e8cb606058e916","4fe7b00fbaa5cd8f1e408523","4fe7b01046de9f9b2f3c571c","4fe7b062c1ad019f1e5a7697","4fe7b06304b011b72730a949","4fe7b064b7e283b96688c79b","4fe7b065784cfe35114a7d31","4fe7b06624e8cb606058f261","4fe7b067c1ad019f1e5a76ab","4fe7b068a557f5534f4ad9e7","4fe7b06969c62601553d8c5a","4fe7b0d446de9f9b2f3c69df","4fe7b0d5d13a23045529c032","4fe7b0d6f3a8a5065526ad40","4fe7b0d61440d09c1e99fca2","4fe7b0d76c927cbe45156e72","4fe7b0d8e042c3961e8ff87f","4fe7b0d9745f6db5665e1814","4fe7b0dae042c3961e8ff8b0","4fe7b59146de9f9b2f3cca0a","4fe7b5926c927cbe451674d9","4fe7b593103df7594f497938","4fe7b593f3a8a5065526ed97","4fe7b59478fc5f035542e193","4fe7b595c1ad019f1e5ace5e","4fe7b5968c67229a34004387","4fe7b59704b011b72731da1c","4fee44a53ba37271480ca9fe","4fee44a6f949f90f43118696","4fee44a7f0ddf32a2b0e99b7","4fee44a8eeb2ae1f7e07606d","4fee44a97406c22c7a1ae81f","4fee44aacafd6f02041ae5fb","4fee44abecdb2afa3b0b1a25","4fee44ab360b376f480fb37b","4fee4ca136e8d73c2b128714","4fee4ca1f949f90f4312f190","4fee4ca26b97ab0d4310425d","4fee4ca33ae997fa030f4884","4fee4ca46b97ab0d4310427c","4fee4ca5360b376f4813ec9d","4fee4ca6671ab1324315365e","4fee4ca73692811f7a185020","4fee4d0ce1488b6b480dbd4b","4fee4d0ccafd6f02041def55","4fee4d0dcafd6f02041def78","4fee4d0e6b97ab0d4310494a","4fee4d0f121d470304138179","4fee4d10f949f90f43130405","4fee4d11e1488b6b480dbd6d","4fee4d12121d4703041381d0","4fee4e6c940f12a343102879","4fee4e6d41fbea332b0ae887","4fee4e6e7a4da88148159209","4fee4e6f71f090312b0cac4b","4fee4e703ba37271480e4a33","4fee4e71cafd6f02041ea6dc","4fee4e72091e26d34312ed7d","4fee4e73360b376f4815adea","4fee5f24aaf17dfe3b0cdf65","4fee5f2519fcdd257a12954e","4fee5f267a4da88148181df3","4fee5f27ecdb2afa3b0da09d","4fee5f283ba372714810e49d","4fee5f29765cf9d5431abf5f","4fee5f2a415f352a7a1a414e","4fee5f2bcafd6f0204228144","4fee60caecdb2afa3b0de235","4fee60cb36e8d73c2b144b07","4fee60ccb2475ffb3b0f6e71","4fee60cd19fcdd257a12c1f2","4fee60cee1488b6b4810f5e9","4fee60cf1477d4904812f261","4fee60d02a159dae4310e16e","4fee60d11a7bc9fc3b0b726b","4fee62ccdb9c0c196f0a0dd4","4fee62cd091e26d343168941","4fee62ce765cf9d5431b5e01","4fee62cf7406c22c7a1e3662","4fee62d02daa97146f13b0ac","4fee62d167f39b2f7a12376a","4fee62d2cf15cc05480eac1d","4fee62d32a159dae43111b08","4fee649f2a159dae43113d76","4fee64a0cf15cc05480ebd23","4fee64a1cbc3532e7a211e34","4fee64a23ae997fa0311a44f","4fee64a3227d121a6f112918","4fee64a3940f12a3431347f4","4fee64a4cf15cc05480ebd61","4fee64a5cafd6f0204239c75","4fee6662db5667ee43174dcd","4fee6663585c0f227a169b9e","4fee6664671ab132431b497d","4fee6665227d121a6f114c4f","4fee66664d9009ab4c0e319f","4fee66679c7866fa42109aeb","4fee6668f949f90f43177a9d","4fee6669671ab132431b49bf","4fee67a5ecdb2afa3b0e60c5","4fee67a63ba372714813ce50","4fee67a767f39b2f7a13016e","4fee67a8940f12a343139e56","4fee67a9765cf9d5431c47b0","4fee67aa8f809e06041ff522","4fee67ab19fcdd257a13d3ff","4fee67ac71f090312b0e0022","4feef2e86b97ab0d43271a19","4feef2e93ba37271482b1f2a","4feef2ea9c7866fa4225ebd4","4feef2ea3ae997fa031e5ca1","4feef2ebdb5667ee4331ae19","4feef2ec5a2b2008481dcfe9","4feef2ed2e1ebf77370ab030","4feef2ee360b376f4832638c","4feefae05ded96a71c096eed","4feefae0cf15cc05481f8dbd","4feefae12daa97146f20f843","4feefae2360b376f4833a4ce","4feefae3415f352a7a2bdca2","4feefae471f090312b17d05e","4feefae59c7866fa4227d1e1","4feefae51818c5a65606bf6f","4feefbbe765cf9d5433b22a3","4feefbbf87e2a2ff03192902","4feefbc058806d2c2b1ee3c8","4feefbc1415f352a7a2bed84","4feefbc25a2b2008481f2b9b","4feefbc2db5667ee43337284","4feefbc30b4ff3a328133b06","4feefbc41a7bc9fc3b146e7d","4feefdf82a159dae43298608","4feefdf9b94da5090427a41b","4feefdfa2a159dae43298630","4feefdfb360b376f48345687","4feefdfc5a2b2008481f7055","4feefdfd71f090312b183bd8","4feefdfd3692811f7a346858","4feefdffcafd6f02044ad22b","4feeffac3ae997fa031f4f1e","4feeffad2e1ebf77370bc435","4feeffae940f12a343273fd5","4feeffae3ba37271482d4cd9","4feeffaf9c7866fa422869b7","4feeffb0f949f90f4333b179","4feeffb11477d490482a5bcf","4feeffb27a4da88148342cd4","4fef0275db5667ee43356490","4fef02765a2b200848200ddf","4fef02772c442e04041f8d23","4fef02776b97ab0d43292027","4fef02789c7866fa4228c44b","4fef0279cf15cc0548205813","4fef027acf15cc0548205a55","4fef027b585c0f227a28dc14","4fef068ab94da5090428898f","4fef068a19fcdd257a24c0fd","4fef068b8f809e060435d5f7","4fef068cb94da509042889b4","4fef068df949f90f433521b4","4fef068ecf15cc0548210540","4fef068e415f352a7a2d4b23","4fef068f5ded96a71c0a9bec","4fef08fadb5667ee4336a7be","4fef08fb671ab1324336b1e8","4fef08fc5a2b20084820daec","4fef08fdf949f90f4335b718","4fef08fe3ba37271482eb99e","4fef08ff9c7866fa422a49e5","4fef08ff7a4da8814835d6cd","4fef0901e1488b6b482b4169","4fef18a136e8d73c2b23afcd","4fef18a2765cf9d543421b95","4fef18a236e8d73c2b23afd9","4fef18a458806d2c2b21bd4c","4fef18a4cafd6f0204519967","4fef18a536e8d73c2b23afff","4fef18a6cbc3532e7a3c82c0","4fef18a7db5667ee433a1ce2","4fef1d02121d4703042b6f6a","4fef1d027a4da881483c7e95","4fef1d032daa97146f255884","4fef1d041477d490482f36ec","4fef1d05f949f90f433a4289","4fef1d0541fbea332b1b34a3","4fef1d0636e8d73c2b2415f6","4fef1d0771f090312b1a9d24","4ff03cfecbc3532e7a6d7a53","4ff03cff2a159dae435b2c29","4ff03d00cee295013c3586fa","4ff03d0141fbea332b308ab7","4ff03d02e1488b6b48620775","4ff03d032daa97146f3cc006","4ff03d04765cf9d5437fcd65","4ff03d05e1488b6b4862109d","4ff07941db5667ee43883fc4","4ff079416b97ab0d436034c6","4ff079420b4ff3a328556662","4ff079d3db5667ee4388732e","4ff079d4b94da50904510924","4ff079d5940f12a3435be575","4ff079d67a4da881487b5dda","4ff079d871f090312b368103","4ff079d98f809e060470cef9","4ff079da71f090312b36811a","4ff079db1477d490486eb5a1","4ff07c12de61c252331075e9","4ff07c132c442e0404479b1d","4ff07c143692811f7a6d8bb3","4ff07c153692811f7a6d8bc3","4ff07c154eef7c0d044d4d70","4ff07c16940f12a3435c2ec0","4ff07c170b4ff3a32855b1c8","4ff07c1887e2a2ff0333b794","4ff07ed7cee295013c3a3b4f","4ff07ed83ecef1176f3fd44a","4ff07ed9940f12a3435ce4a1","4ff07eda2c442e040447e617","4ff07edb67f39b2f7a499b34","4ff07edccbc3532e7a76abcb","4ff07edd8f809e0604717d19","4ff07ede2c442e040447e64a","4ff087d6765cf9d543920cd0","4ff087d79c7866fa4262e3af","4ff087d82c442e040448db41","4ff087d919fcdd257a4ef1d1","4ff087daeeb2ae1f7e3bb817","4ff087dbdb5667ee438c97a4","4ff087dccee295013c3ae402","4ff087dddb5667ee438c97c5","4ff1f64837fae2254626880b","4ff1f6496004e1d0521d0ad4","4ff1f64bcfbea50d46215c64","4ff1f64c9b6b76440d22d977","4ff1f64e9bb077f326292d64","4ff1f64f9a1374545c115d4e","4ff1f6519b6b76440d22d9d2","4ff1f652cfbea50d46215d8e","4ff1f88153b900cf52227151","4ff1f88290c1bf274511e7e7","4ff1f883d359dadd522d9047","4ff1f8846b87f72a451337a8","4ff1f885e82fedd85222c42a","4ff1f88690c1bf274511e82f","4ff1f887c71a6347482d250f","4ff1f888401f086a131747de","4ff1f9277d3595450d21eda6","4ff1f92823fc47565c13906d","4ff1f92903d1f9460d294357","4ff1f92a530e062246268b3a","4ff1f92bab66ce44482afaa5","4ff1f92cb8337a4b0d20a582","4ff1f92dcc8256ca522871d6","4ff1f92e18e9b0d9321ef897","4ff1fa3a437599595c114db8","4ff1fa3bb8b51ed35233f8e9","4ff1fa3c03d1f9460d29ccd8","4ff1fa3d332a7a2945135389","4ff1fa3e9b6b76440d26c509","4ff1fa3ffe637f533a2c2737","4ff1fa4018f4175b3a24530e","4ff1fa41eeb560d1522a9d8a","4ff1fb314a7167540d2a9381","4ff1fb32b8337a4b0d21bfca","4ff1fb3318e9b0d932206690","4ff1fb3430e945483a2867f6","4ff1fb357d3595450d22c733","4ff1fb36290396c852266350","4ff1fb37ab66ce44482bd92c","4ff1fb38401f086a131b3445","4ff1fd5ec98168544e015e84","4ff1fd5fe82fedd852251156","4ff1fd5f6b87f72a4514cb91","4ff1fd609106cdd6522e7c02","4ff1fd61ab66ce44482ccc88","4ff1fd6253b900cf52302494","4ff1fd634a7167540d2b779a","4ff1fd64290396c852273378","4ff254fc25f9df4a3a471ca4","4ff254fdd4ae002c451daf3e","4ff254fe9bb077f32650e441","4ff254ffe82fedd85254a6cb","4ff25500d359dadd5260edc1","4ff25501167df5410d4cc76f","4ff25502cc8256ca524b74c2","4ff25503401f086a1343312f","4ff256f718f4175b3a50c711","4ff256f925f9df4a3a477cac","4ff3becc0800015d020c8d87","4ff3becdeeb560d152258ff1","4ff3beced4ae002c4579e81d","4ff3becfeeb560d152259024","4ff3bed0bc057f0a3a363772","4ff3bed132d2f43d4b3b773e","4ff3bed2980ecad47d0a99f3","4ff3bed34404412d4564c713","4ff3bff465866f62123083ee","4ff3bff5cc8256ca52f0ed5a","4ff3bff6d4d9a4bc3c4c5ccb","4ff3bff7d4d9a4bc3c4c5ce4","4ff3bff7530e062246dea375","4ff3bff8591c0dda52d41d94","4ff3bff90800015d020cef1b","4ff3bffaf8f2f07c0f35ef64","4ff3c023fe637f533a0d89fc","4ff3c0249ec03afc4a4b0b9c","4ff3c024332a7a29458f81c0","4ff3c025c71a6347481b5053","4ff3c026bd5500191a4069ba","4ff3c0274e4aee555c878431","4ff3c0289ec03afc4a4b0be5","4ff3c029f8f2f07c0f35f6cf","4ff40cbd18957f175f5146bd","4ff40cbee60cc3553a1e7088","4ff40cbf23fc47565c995cc4","4ff40cc09ec03afc4a846986","4ff40cc10800015d022d5834","4ff40cc26004e1d05206df71","4ff40cc2d0b1db1e6369a4ff","4ff40cc3fe637f533a2a1e6d","4ff40e82290396c852ce0088","4ff40e83fe637f533a2b3c25","4ff40e8418957f175f527cf7","4ff40e84d4ae002c4589a0c3","4ff40e85e60cc3553a1f19d3","4ff40e8618f4175b3a039731","4ff40e87bd5500191a5de00d","4ff40e88cc8256ca5208b7e6","4ff40ff8c98168544e209b77","4ff40ff885da1e6f6707e88f","4ff40ff9d4d9a4bc3c722739","4ff40ffac71a6347483d003b","4ff40ffb980ecad47d2a3b7e","4ff40ffc6004e1d0520b021c","4ff40ffcf48b5fd0304336e2","4ff40ffdd4d9a4bc3c7229d0","4ff410b18a4b45f648211481","4ff410b2c71a6347483d5f16","4ff410b3401f086a13eec971","4ff410b4f48b5fd0304380cb","4ff410b5debb554c3a0d9493","4ff410b67b318bd21c10e8fb","4ff410b6eeb560d1523fcf6e","4ff410b7bd5500191a5e8adf","4ff46bb441253c075a1a64f0","4ff46bb541253c075a1a650a","4ff46bb597a6411d1c0119de","4ff46bb6237981e6720a557d","4ff46bb76004e1d052527549","4ff46bb810d6067577205002","4ff46bb9debb554c3a3499b8","4ff46bb9bc057f0a3a862cba","4ff46d6a290396c852e49e56","4ff46d6a41253c075a1afe43","4ff46d6bb5ba03031003158b","4ff46d6cfe637f533a52df77","4ff46d6d237981e6720afbdb","4ff46d6e1a457347376d5682","4ff46d6fbc057f0a3a8696a5","4ff46d6f97a6411d1c022a8f","4ff46e5a332a7a2945c4e48d","4ff46e5b6004e1d0525457e6","4ff46e5c591c0dda52045931","4ff46e5dd4d9a4bc3ca172bd","4ff46e5d8a4b45f6485e9f84","4ff46e5e8a4b45f6485e9f9f","4ff46e5fbc057f0a3a86e464","4ff46e6090c1bf27459d890f","4ff46ede49b1cb5f103773cd","4ff46edf10d606757721bb53","4ff46ee0237981e6720bb468","4ff46ee1c71a63474876a976","4ff46ee17b318bd21c4ce51a","4ff46ee2c71a63474876a99a","4ff46ee3c71a63474876a9d4","4ff46ee4d4d9a4bc3ca186af","4ff46f6f401f086a131fdeb1","4ff46f7023c19d5f28061da5","4ff46f7118f4175b3a23d972","4ff46f72c98168544e519227","4ff46f7223c19d5f28061e08","4ff46f7318f4175b3a23d9c9","4ff46f7497a6411d1c02c78d","4ff46f756b87f72a45b5effd","4ff46ff8e60cc3553a5743b2","4ff46ff9655bce954940c904","4ff46ffa23c19d5f280650ee","4ff46ffacf577e24728ff9ed","4ff46ffcdebb554c3a35fe54","4ff46ffcb5ba03031004e5cf","4ff46ffdbd5500191a988b62","4ff46ffe401f086a131fee4a","4ff4710e4e4aee555cbd2a64","4ff47110655bce954941d778","4ff47111d4d9a4bc3ca20274","4ff471118a4b45f6485fa8bd","4ff47112237981e6720d27e9","4ff47113c98168544e5255f2","4ff471144e4aee555cbd2b01","4ff47115d4ae002c45a3cd63","4ff4b9f0c71a6347489c354c","4ff4bb5f380541482501826a","4ff4bb60bc057f0a3aa24def","4ff4bb61655bce95494dc59b","4ff4bb62eeb560d152a30bf8","4ff4bb63332a7a2945d566ae","4ff4bb6410d60675773d98ed","4ff4bb65980ecad47d6416ed","4ff4bb6695a8f3a6735438cd","4ff4bc35290396c852f25f24","4ff4bc3610d60675773dc027","4ff4bc3718e9b0d93218c82c","4ff4bc3897a6411d1c2b4574","4ff4bc3925f9df4a3a17b085","4ff4bc3acf577e2472b02201","4ff4bc3be60cc3553a710798","4ff4bc3c23c19d5f282d7715","4ff4c24723fc47565cc2a68b","4ff4cd828a4b45f6487c5021","4ff4cd83c98168544e7c8569","4ff4cd84c71a634748a3db32","4ff4cd8540fcbf3d6b0f7c19","4ff4cd85c98168544e7c85af","4ff4cd878de946934719709a","4ff4cd8718e9b0d9321c154d","4ff4cd880800015d027f97d8","4ff4cf5b7321f63e493ecbf2","4ff4cf5c0800015d027fd740","4ff4cf5e0800015d027fd77e","4ff4cf5f6004e1d0528be136","4ff4cf600800015d027fd7d6","4ff4cf61c71a634748a47fa3","4ff4cf62bc057f0a3aa723f9","4ff4cf631a457347378ca643","4ff4d22c245152777644f0c9","4ff4d22e591c0dda52310823","4ff4d22fd0b1db1e63b8f6ee","4ff4d230d0b1db1e63b8f6fc","4ff4d23140fcbf3d6b11f476","4ff4d232437599595cc418fe","4ff4d233591c0dda5231093d","4ff4d234cf577e2472b79b50","4ff4d3af2f2d50ba60008a62","4ff4d3b0980ecad47d67442a","4ff4d3b110d6067577436e2c","4ff4d3b249b1cb5f10619708","4ff4d3b323fc47565cc5b956","4ff4d3b4bf42db525c9f351f","4ff4d3b5d4ae002c45b2d028","4ff4d3b6fe637f533a6c27dc","4ff4d4794e4aee555ccdf822","4ff4d47ac71a634748a651ca","4ff4d47c24515277764568e2","4ff4d47d8a4b45f6487f061d","4ff4d47e591c0dda5231c8fe","4ff4d47f591c0dda5231c9ee","4ff4d480bc057f0a3aa83b18","4ff4d481380541482509bdb0","4ff5a79e10d606757796cb7f","4ff5a7a0d0b1db1e6331fe1e","4ff5a7a2655bce9549827aec","4ff5a7a4616d6b244b405e0c","4ff5a7a64404412d45cfc110","4ff5a7a9e75c29032a0ee72e","4ff5a7abcf577e247218b614","4ff5a7aed6fb4b394c4c5323","4ff5a8c3af029dd254170305","4ff5a8c558996bf10b659fc5","4ff5a8c74404412d45d0109b","4ff5a8c9d0b1db1e6332e7e0","4ff5a8cbaf029dd2541704e4","4ff5a8cdbc057f0a3af1168a","4ff5a8d018e9b0d9325295cf","4ff5a8d37321f63e498327ce","4ff5ae3fb5ba0303108daeaa","4ff5ae40b5ba0303108daf17","4ff5ae411a45734737df8f02","4ff5ae424e4aee555c02ddff","4ff5ae4332d2f43d4b0914b6","4ff5ae45fbc312a54860efdf","4ff5ae4641253c075acbee14","4ff5ae470b9525073229f34a","4ff5afa9fe637f533ac1d3be","4ff5afaa10d60675779e80fd","4ff5afabc71a63474815da42","4ff5afac437599595cf391de","4ff5afad18e9b0d9325640bf","4ff5afae32d2f43d4b0a063f","4ff5afaf1a45734737e2d8f2","4ff5afb0d0b1db1e6338c3eb","4ff5b021c71a63474815fe53","4ff5b022bf42db525cd175f8","4ff5b02340fcbf3d6b8ab1fd","4ff5b025bf42db525cd1762d","4ff5b026616d6b244b4a1277","4ff5b027b5ba0303108e7263","4ff5b028d6fb4b394c53b02b","4ff5b029bf42db525cd176a8","4ff5b0e849b1cb5f10dc340c","4ff5b0e9d4d9a4bc3c10b070","4ff5b0ea40fcbf3d6b8b5b51","4ff5b0eb4404412d45d43b95","4ff5b0ed0b952507322b4e9d","4ff5b0ee8a4b45f648d7c8a1","4ff5b0efd0b1db1e633a30d5","4ff5b0f0655bce954987d2a0","4ff5b194debb554c3a96e68b","4ff5b1955ea70713251b5d45","4ff5b1cf18f4175b3a8b7c9c","4ff5b28e49b1cb5f10dd2796","4ff5b28f1a45734737e5c390","4ff5b290bc057f0a3af7b070","4ff5b291d4d9a4bc3c123e9e","4ff5b2932f2d50ba609a0826","4ff5b294fe637f533ac546b9","4ff5b2958a4b45f648d8ccc5","4ff5b2960800015d02e23887","4ff5b322616d6b244b4d31d4","4ff5b3232f2d50ba609aa2e8","4ff5b324e75c29032a1a77a5","4ff5b3250b952507322c0e77","4ff5b32695a8f3a673c8b607","4ff5b32758996bf10b6b74e7","4ff5b328cf577e247222b877","4ff5b32932d2f43d4b0c27f3","4ff5b42dbd5500191a4129ff","4ff5b42f8522cf857a450c98","4ff5b43058996bf10b6bdcee","4ff5b43118f4175b3a8d4a83","4ff5b432c71a634748185461","4ff5b43341253c075ad05ef3","4ff5b4344e4aee555c0532e2","4ff5b436d4d9a4bc3c137c19","4fc675f9ca987d10290e8894","4ff9d7c7d0b1db1e63925054","4ff9e33b3248ba9335025d6d","4ff9e33c41253c075a290518","4ff9e33cd6fb4b394c9d3f36","4ff9e33d6b994d9e3c50d8d1","4ff9e33ed9b1c1436f8d1b32","4ff9e33f0db302b67e01bee6","4ff9e340b87f9e8902018c88","4ff9e34110d6067577e199b6","4ff9e3c3d7bf6dc1437147e2","4ff9e3c4ff4e221e162fbe58","4ff9e3c5fb7356b94479300c","4ff9e3c651c203cf6a327ebe","4ff9e3c7b87f9e890202060c","4ff9e3c85c7c7b0a30eaf71e","4ff9e3c92ddcec2b4e5073b6","4ff9e3ca9fb47ddb442a5c76","4ff9e45d62874d47283e43f4","4ff9e45eb87f9e8902021a2a","4ff9e45f112a79080d308a9c","4ff9e46010d6067577e1e00c","4ff9e46051c203cf6a329f78","4ff9e461675d066b0f5ec886","4ff9e4629826a9fe6662a499","4ff9e463411585be32d9021d","4ff9e4b4ff4e221e16301a02","4ff9e4b53248ba933502be98","4ff9e4b59826a9fe6662e8dc","4ff9e4b6ff4e221e16301ac6","4ff9e4b7ff4e221e16301ae0","4ff9e4b8112a79080d30935e","4ff9e4b9ff4e221e16301b2a","4ff9e4ba6b994d9e3c50faf2","4ffa3fc1b87f9e8902268cac","4ffa3fc25fa554c0431e050a","4ffa3fc3ff4e221e1652a3de","4ffa3fc49fb47ddb444425d6","4ffa3fc5344e1c1d1269efe1","4ffa3fc60800015d02822917","4ffa3fc75eba8e951a73038f","4ffa3fc83248ba9335220c80","4ffa3fc95c7c7b0a3005894e","4ffa3fca5fa554c0431e071e","4ffa3fcb9fb47ddb444426ad","4ffa3fcc0800015d028229c9","4ffa3fcc0800015d028229f5","4ffa3fce2ddcec2b4e695b93","4ffa3fcf2baf1b1c1b3483ff","4ffa3fcfd7bf6dc1438b7b05","4ffa41d84382a2512d1e5bd9","4ffa41d93248ba933522c0d0","4ffa41d9d0b1db1e63b7934e","4ffa41da9fb47ddb4444a77a","4ffa41db7321f63e496c8529","4ffa41dcb87f9e8902285cd1","4ffa41dd2ddcec2b4e6ad610","4ffa41de7321f63e496c8586","4ffa46fad0b1db1e63ba5dba","4ffa46fb3248ba933525129d","4ffa46fc112a79080d471a6a","4ffa46fd76372e2620842e82","4ffa46fed7bf6dc1438deea3","4ffa46ff9fb47ddb4445f06b","4ffa47000db302b67e2572b3","4ffa470156462cf867ad9058","4ffa4715d9b1c1436fa54d5d","4ffa47160db302b67e258083","4ffa4717d7bf6dc1438df57d","4ffa4718fb7356b9449f9f92","4ffa47195c7c7b0a30091762","4ffa471ad7bf6dc1438df9e9","4ffa471bd9b1c1436fa54ddc","4ffa471c0db302b67e258334","4ffa480ed6fb4b394cb12b92","4ffa480f00d67b4f09988cb4","4ffa4810d6fb4b394cb12bd0","4ffa48115eba8e951a753613","4ffa481228dcaa54232c8ef8","4ffa481310d6067577047492","4ffa481425f9df4a3a1f9e41","4ffa4815bf42db525c7ade1a","4ffa4c5ce75c29032a88ea31","4ffa504225f9df4a3a229c71","4ffac6fcff4e221e169ba37c","4ffad91ad6fb4b394cf59db5","50074cb19134a5676072bb08","50074cb3e42d6c182927e681","500f4bdee35fa515174d7dc2","500f4bdf41a791c15102caf2","500fbc409099c13413081f52","504405a65dee1f08760656f1"],"idOrganizations":["504405785dee1f087606505d"],"idOrganizationsInvited":[],"idPremOrgsAdmin":[],"prefs":{"sendSummaries":true,"minutesBetweenSummaries":60,"colorBlind":false},"trophies":[]}],"checklists":[{"id":"4ffa4c92e75c29032a88f122","name":"Bla","items":[{"name":"la","completed":false,"pos":17062},{"name":"le","completed":true,"pos":33793},{"name":"lu","completed":true,"pos":51019}]}],"commentsContent":[{"id":"50396643b88f0814580c07a2","idMemberCreator":"4f42669b0638ead00185dfa2","data":{"text":"This card is splendid! Wonderful!","board":{"name":"Testboard","id":"4ffa4c5ce75c29032a88ea31"},"card":{"name":"Ob-La-Di, Ob-La-DaAAAA","idShort":2,"id":"4ffa4c76e75c29032a88ed19"},"dateLastEdited":"2012-08-30T19:21:48.449Z"},"type":"commentCard","date":"2012-08-25T23:56:51.994Z","memberCreator":{"id":"4f42669b0638ead00185dfa2","avatarHash":"292f6ca22d76af4e75cf57f7362e985b","fullName":"Juuro","initials":"J","username":"juuro"}},{"id":"4ffa4c8ce75c29032a88ef12","idMemberCreator":"4fc80a0c9a97a0320ec32caa","data":{"text":"This is a comment!","board":{"name":"Testboard","id":"4ffa4c5ce75c29032a88ea31"},"card":{"name":"Everything","idShort":2,"id":"4ffa4c76e75c29032a88ed19"}},"type":"commentCard","date":"2012-07-09T03:14:20.899Z","memberCreator":{"id":"4fc80a0c9a97a0320ec32caa","fullName":"Juurotest","initials":"J","username":"juurotest"}}],"attachments":[{"id":"50074e84a324ca831fe19dd2","bytes":1801449,"date":"2012-07-19T00:02:12.211Z","idMember":"4fc80a0c9a97a0320ec32caa","isUpload":true,"name":"Foto_4.JPG","previews":[{"width":500,"height":375,"url":"https://trello-attachments.s3.amazonaws.com/4ffa4c5ce75c29032a88ea31/4ffa4c76e75c29032a88ed19/9812ffeeea291fd3aa6c2cc72ab02a22/Foto_4.JPG_preview_500x375.png","_id":"50074e88a324ca831fe1a689"},{"width":276,"height":140,"url":"https://trello-attachments.s3.amazonaws.com/4ffa4c5ce75c29032a88ea31/4ffa4c76e75c29032a88ed19/9d246c5ac6ea279bd6094b0a773f39f3/Foto_4.JPG_preview_276x140.png","_id":"50074e88a324ca831fe1a688"},{"width":70,"height":50,"url":"https://trello-attachments.s3.amazonaws.com/4ffa4c5ce75c29032a88ea31/4ffa4c76e75c29032a88ed19/3ed1cae015f691da97647399b054f89f/Foto_4.JPG_preview_70x50.png","_id":"50074e88a324ca831fe1a687"}],"url":"https://trello-attachments.s3.amazonaws.com/4ffa4c5ce75c29032a88ea31/4ffa4c76e75c29032a88ed19/df7c2df023087f9c36aa4e2f81cd9b85/Foto_4.JPG"},{"id":"5039667eb88f0814580c09c1","bytes":332,"date":"2012-08-25T23:57:50.088Z","idMember":"4f42669b0638ead00185dfa2","isUpload":true,"name":"kreditrechner.rb","previews":[],"url":"https://trello-attachments.s3.amazonaws.com/4ffa4c5ce75c29032a88ea31/4ffa4c76e75c29032a88ed19/5459b6f3cd0a6e35ccf967e025137cb3/kreditrechner.rb"}],"membersVoted":["4fc80a0c9a97a0320ec32caa"]},{"id":"504405eb5dee1f0876067aa5","checkItemStates":[],"closed":false,"desc":"","idBoard":"504405a65dee1f08760656f1","idChecklists":[],"idList":"504405a65dee1f08760656f4","idMembers":[],"idShort":2,"manualCoverAttachment":false,"labels":[],"name":"LEGO","pos":65535,"url":"https://trello.com/card/lego/504405a65dee1f08760656f1/2","badges":{"votes":0,"viewingMemberVoted":false,"subscribed":false,"fogbugz":"","checkItems":0,"checkItemsChecked":0,"comments":0,"attachments":0,"description":false,"due":null},"subscribed":false,"members":[]}]}
